rosenbrock	8	44.22670703125000102	6.51019406485717766	47.44911207581232304	-1.01411091352928917,1.01466362721879055,1.02362344325091814,1.05417820951846042,1.03162110743358726,0.98980761850883936,1.00539895316896732,0.99025575831461077,1.00354870792997741,0.95776394645077789,0.97677268469870215,0.99630350576684745,1.00260206671163932,1.00348793091720645,1.00756035284835699,1.00125766250769810,0.99705001335593957,1.00035831460676827,1.00438936205080487,0.98937281500042407,0.95736507013470351,0.87871310129047386,0.85985886030456748,0.75024195923968284,0.46418672457382365,0.18214532790577093,0.00112318214616068,0.01894573343351982,-0.00302454084469722,0.01394770953458096,0.05575710060364333,0.00321371876948327,-0.01409026172864222,0.03531585193172763,0.00503659728870291,0.03061610155405788,-0.00155895865293414,0.00709504390798262,-0.02413682400941613,0.02523179945648291,0.02865971522225889,-0.03536310983150664,0.03142927770103206,0.00294682928125693,0.01991092490578612,-0.00968874270748874,0.02232100706951674,0.01782129501952303,-0.01205370301309417,-0.02993038965319542,0.03985045431287126,0.01637522591817111,0.02464017099590946,-0.00260372585315780,0.01847033596887809,0.00605953179480911,0.00839165272186075,0.01001061074560496,0.00280998489037268,0.01079281269702214,0.02512876407575463,0.02434803379011323,0.00692743771909603,-0.00409620908932704
rastrigin	8	18.52272460937500043	8.89916364064032095	79.59665747777108891	-1.98991626061603832,1.98990496709477349,1.98991242472008989,0.99497280167718860,-0.00000260573220382,-0.99495530187926795,0.00000323372364574,0.99495817254533436,0.99496746090957866,-0.99496444051988064,1.98992157957412363,0.99496161192891908,0.00000074375528070,0.00000051425162014,0.99494800653534277,0.99495184527427982,0.99496127837677950,-0.00000308858308719,0.99497095882676323,-0.00000022750159474,-1.98990910858382519,-0.00000006126277703,-0.99495358230071096,-0.99495148024841629,0.00000049439739920,-0.00000009854991608,-0.99495921114334573,-1.98991485873058882,-0.00000164059449808,0.99495947266206308,-0.99494387485872970,-0.00000361873948844,-1.98991465179820892,1.98990950429084057,0.00000574653151425,0.00000379430325188,0.99497169905456040,0.99495265258070553,-0.99494341096288752,-0.99495407589852147,-0.00000645798467265,-1.98990519378714215,-0.00000026518525215,-1.98991685703076393,1.98990374591973729,0.00000301209887914,0.00000308044366045,0.00000264780971660,-0.99496068907433199,0.00000509093214810,0.99496513939155251,0.00000013266608194,-0.99496225906410429,-0.00000316902153282,0.99496872614496079,0.99496815074928813,-1.98991299282558121,-0.99495607863641000,1.98991151371186126,-0.99495327481455331,-0.99495521404574505,0.99494118446959467,0.00000364180426722,-0.00001971913113678
ackley	8	11.67302246093749929	7.99309647389016931	3.67531918366550459	-1.93807107292180913,1.93807103272146763,1.93807098784057907,0.96960875690614712,0.00000000338331699,-0.96960875871012075,0.00000000480554016,0.96960878540310980,0.96960879111412857,-0.96960878323961819,1.93807096198883944,0.96960879038159931,0.00000000498024544,-0.00000000066259843,0.96960876391402384,0.96960878162230868,0.96960877971525516,0.00000000208926259,0.96960878751019297,-0.00000000188106734,-1.93807103185142315,0.00000000141447211,-0.96960876595081780,-0.96960874268456987,0.00000000183637404,0.00000000172367825,-0.96960875660344592,-1.93807097375819803,-0.00000000382011281,0.96960877517368227,-0.96960877068119378,0.00000000212581975,-1.93807108198668754,1.93807104995003288,-0.00000000215212430,-0.00000000213758895,0.96960877982049010,0.96960877149174862,-0.96960878931049066,-0.96960876725048983,0.00000000074083219,-0.96960878487270108,-0.00000000015770901,-0.96960874722116219,0.96960875834016846,-0.00000000293175864,-0.00000000280906130,-0.00000000160042001,-0.96960876852416789,-0.00000000224358066,0.96960878020288366,-0.00000000052314956,-0.96960877539074908,0.00000000251489324,0.96960877707153992,0.96960876989631306,-0.96960879116582288,-0.96960878031453646,1.93807101120721192,-0.96960876944578966,-0.96960881749864680,0.96960877747337404,0.00000000448564693,0.00000000298734329
rosenbrock	32	45.66049609374999818	6.54256868902043909	43.34342021342116169	0.97813874036242188,0.98155139204493247,0.99652450558056316,1.00373787799458025,0.99291356781298445,0.99675958887206728,0.98583557906645303,1.00051851340115738,1.00724197088322476,0.99930998412663641,1.00367264701256032,1.00148629276501633,0.99921892006272184,0.99210446203821945,0.98175288943535199,0.96451516417960426,0.91915667647926691,0.84137066378861003,0.69921602422947549,0.49870477447409206,0.26951638265132422,0.08963497409350739,0.01828597567524283,0.01247896280220663,0.00671381905052630,0.01412059410845980,0.01339496357680454,-0.00112896475410467,0.02903980658537298,-0.00861986622942518,0.02846802774475789,0.01660200140354553,0.01184664043293672,0.00464393727949264,0.01120270040367440,0.00273848856025880,0.02294265221955000,0.01360093127676732,0.02106377135517668,0.01718150760922801,0.01686127397629143,0.00627369939538261,0.00712440967066515,0.00078627949958033,0.02051673950127056,0.04026148082867895,-0.02708873106657311,0.02244466709296886,0.00519292690523950,0.01998567982399093,-0.00680487662016879,-0.00297885661281728,0.00434453456868182,-0.00029023442344240,0.01343265747156954,0.01428501893664363,0.02084486892119939,0.01732908281056610,0.00648578635307104,0.00236666145185652,0.02370317714188471,0.02566308257530294,0.00409042208942250,0.00294135897962808
rastrigin	32	29.22133203125000023	8.38366065524854065	70.64203903743907631	-0.00000369256628106,0.00000118028619483,1.98992963108160459,0.99495614128653520,0.00000530469732608,1.98991802478157065,0.99496942835255309,-0.99495479768763551,-0.00000279088909415,-0.99495737587994681,0.99496125183367146,-0.99496181588054666,0.00000017796121008,-0.99495259019513427,0.99496277488201779,-0.00000135625763407,-0.00000291242485678,-0.99494859870251307,0.99495302511438366,-0.99496091099533679,0.00000133536768708,0.99495947149741781,-0.00001347052950038,0.99495736229300913,1.98990696347015916,1.98991689848746600,-0.99495992445320247,-0.00000157635540264,0.99493046259082252,0.00000149599408337,-0.99496997696330347,-0.99495292697531668,-0.99496242702072812,1.98991014501538421,1.98992573315139976,0.00000963282145437,-0.00000179553593417,-1.98990199792138167,-0.00001240623493657,0.99495594718361868,-0.00000468461472147,-0.99495699794887049,1.98991292302954959,-0.00000012508587622,0.99495740061490023,-0.99495770150392737,0.00001294584468566,-0.99495553678140991,0.00000190410254183,-0.00000114078560914,0.00001590570949493,-0.99495388418707364,-0.00000635965208853,-1.98990907935938699,-0.99496448877039601,-0.99495811519858834,0.99496278090363888,0.99496092788069079,1.98991113422436494,-0.99495785741257614,0.00000439533200724,0.00000078361131173,-0.99496043494980724,-0.99496193007509437
ackley	32	15.13720703125000000	6.44475456467067254	3.03330348491831048	0.00000000699342366,0.96095125986655217,0.96095125285125416,-0.00000000593677002,0.00000001796902695,-0.96095123501390112,0.96095125772575840,-0.96095129214801822,-0.96095125397366477,-0.00000000529427383,0.00000000366035743,1.91938157059305037,0.96095124558969669,-0.96095123021518680,-0.96095124295310186,0.00000000415650305,-0.96095127338562991,0.96095127482618692,0.96095127927642665,0.00000001345702561,-0.96095123471126753,-0.96095122838826130,-0.96095120887842889,-0.00000000183023687,0.00000000842509160,0.96095125599219733,-0.96095123745797595,0.96095122839528779,0.96095120067504269,0.96095128096341853,0.00000000204590597,-0.96095126893814564,0.96095125716938667,0.00000000858429893,0.96095126243595053,0.96095119835955334,0.96095124978988489,-0.96095127913860656,-0.00000000022203858,0.96095130991488797,-0.96095124753288996,-0.96095124531238996,-0.00000000840882104,-0.00000000019688581,0.00000000029299046,0.00000000329247503,-0.96095122054082993,-0.96095127000676495,0.00000000845308903,0.00000000149770954,0.96095126480239024,0.00000000412240650,-0.96095126938260911,-0.00000000056864382,1.91938151026068482,-0.96095125323720931,-0.96095127873186315,-0.96095122715687420,-0.00000000529860207,0.00000000035783979,0.96095123823442541,-0.00000000038140983,-0.00000000759386436,0.00000000521125005
rosenbrock	128	47.04958593749999807	6.59158705260881828	43.07555706850695998	1.00012984789922132,0.99907913629976952,0.99781016776632558,0.99845753021257388,0.99913918550379910,0.99856349467122762,0.99918916609839226,0.99932313692457941,1.00115972792707875,0.99912666755841673,0.99861853118607036,0.99947369270633835,0.99685590902224530,0.99591187394910419,0.98545383173376810,0.94973391665986806,0.90198898315616849,0.81026740431820066,0.65596334855621141,0.40665866156187558,0.14426047508207107,0.01675826865845165,0.01052356980663567,0.01184665662716114,0.00611739614544294,0.01033712516093460,0.00367606328955963,-0.00304010479923634,0.02921143446093123,-0.00407626892990810,0.01222324326150049,0.00504663366555049,0.01126461838270947,0.01081861290557286,0.01034864280396344,0.00935692826532026,0.00515812326077454,0.01225960231218747,0.00657952463980634,0.01386436787088448,0.01241907490565400,0.01111193319210328,0.01455806376037671,0.00991172383084898,0.00822559121353472,0.01480121283076446,0.00667987867627509,0.01509322515065600,0.01196659504888802,0.00661264700205184,0.01124242684320980,0.00930639907615180,0.01440965977494903,0.01031903689983510,0.00745013227896797,0.00609834841727948,0.01155946675165461,0.00398322055278702,0.00537768162087624,0.01121157394547823,0.01009742509625891,0.00868475862153201,0.00547959260378282,-0.00130763656053830
rastrigin	128	31.27790234375000011	8.26475509417565490	68.65212808544339396	-0.00002115904519131,0.00001372517260015,0.00000260521436294,1.98993299529186141,0.99495543859905089,0.00001273572788166,1.98994661524081473,-0.00000220446607548,-0.99497661740152632,-0.00000426530244866,-1.98989925454143002,1.98993217223355878,0.99495586295695859,-0.99501737712059191,0.99496188257306517,-0.00000001209461276,0.99495515132475076,0.00000277359848517,-0.99495743591815100,0.99496002949315665,0.99496065781895304,1.98991697785337252,0.99496134199240416,0.99496917955151676,-0.99496240359263433,0.99498021663658920,0.00000534530662261,0.99495928783214571,0.99497028078561833,-0.00000070179545174,0.99496015482351186,0.99492685301280137,-0.99495493883826192,1.98988128744299586,0.00005363126821088,0.99493470996489652,-0.00000260452495182,-0.99495581325806559,-0.99497260250752650,0.00000251952897122,0.99496091190184699,-0.99496641390284024,0.99496483838704985,0.99496140220331708,0.00000165745710599,-1.98991685864048895,0.00000287287665332,-1.98992044924705169,-0.00001827015562739,0.99496234379411708,0.00000021034881807,-0.99493357973161001,0.99496571989391025,-0.00000103282728763,0.99495552956730871,0.99493400056852643,0.00002022835661508,-0.99496284519792744,0.00000103529345809,0.00000608969916100,0.99496050816319415,-1.98991878634207242,0.99494475548185957,0.00002147282953502
ackley	128	15.56732714843749932	5.15710902103560986	2.48267118442603563	-0.96046756033500136,-0.04232801651110028,-0.01377627962628378,-0.96151194448699218,0.01529579450225224,0.94935202320363998,-0.03957403702275632,-0.96195626441822768,-0.97282561367282172,0.92619964166815172,-0.00516468570967225,0.02203736014098202,0.96513548963870943,0.02685365481750603,0.01197723548697726,-0.01404431519964376,-0.02757358482868907,0.96202525210675172,-0.95431468873574343,-0.02617281577715351,-0.91994628021985392,-0.93984067865347698,-0.95126881628447357,-0.01195339801399936,0.02664600707746480,0.92246206526143582,-0.00379882977266765,-0.96691280699581750,0.01536960735796679,-0.96245407153333784,0.96085129205972597,0.01604377845007729,-0.02820643520706738,-0.96351636803157836,-0.96678559154549903,-0.02920813683794768,-0.95198253301991831,-0.96522796492842122,-0.02794712319985900,0.97101549266491649,-0.04110470968770627,-0.94903427716340960,-0.01495955901599702,0.96256000952896514,0.00274646030076386,-0.03848586834968064,-0.00210710408997707,0.97122500931447542,0.97108765190339719,0.97139070594083021,0.00871208382106878,0.02856919024854387,-0.01514309689909288,-0.02923829231689688,0.02770034296332002,0.01565640330846596,-0.02557940784413219,0.01366840797615927,0.97100912109381088,-0.00261669667814063,-0.01078038063860092,-0.94604884523279931,-0.96087394344048249,-0.01635248686244448
rosenbrock	512	51.54069140624999790	5.59832611713688255	30.85289576267470579	0.99780363007951589,1.00156217971513617,0.99876867097426969,0.99970665295240935,1.00179695999687324,1.00135490637293278,1.00081375247001247,1.00109551045914369,1.00049769733378136,0.99697688860057987,0.99933417525957347,1.00005925991223954,1.00290892725798031,1.00448667202411013,1.00150501043222162,1.00062491031729417,1.00002810415387655,1.00039509118791536,1.00024943714404757,0.99861289791755814,1.00304043613911076,1.00220035663176077,1.00344984052092978,0.99988947746781376,0.99894519455423836,0.99824616602467475,0.98395997262846380,0.96826611271614682,0.93117839930942525,0.85511547062660620,0.72854552957341157,0.50857916256604929,0.23720320451957588,0.04927192970056693,0.00711014752936761,0.00988137513729536,0.00509565793978036,0.00917273270276476,0.01050156484939034,0.01045921529783783,0.00788484476050373,0.01148018001671709,0.00775807227984887,0.01400885006000419,0.01091395012931878,0.00493438905121903,0.01107274427750353,0.00985216550372325,0.00676071544991380,0.01105357350390040,0.01228597916692815,0.00950017700793775,0.01648368564065741,0.01257630447406772,0.01057754905474235,0.00956430437565770,0.00746392165396002,0.01554749107213359,-0.00660065022073431,0.02090281856741030,-0.01475501143691792,-0.00378924925987919,0.00055189479195164,0.00682141165072491
rastrigin	512	45.57898437499999744	8.08307927671222970	65.66725949418098196	-0.00000028018113952,0.99495377496145343,-0.99495557479617347,0.00000209550219581,0.99496030749522901,-0.99496123165868344,-0.99496122168401935,-0.99495573074109989,-0.99495559434894087,0.00000549465390543,0.00000079092542975,-0.99496595712724778,-0.00000129763253334,0.99496204628385287,-0.00000324741765666,-0.99495960594826105,-0.00000423298693481,0.00000177814900900,-0.99495824706323011,0.99496055912168346,0.00000079176693839,0.99495407546763914,-0.00000263754649716,0.99495988140801950,0.99496019151217130,-0.99495776180625939,0.99495480087592292,-0.99495339510226566,-0.99496622407050628,-1.98991712802078080,-0.99495757099139182,-1.98991088608443834,-0.00000515877441571,0.99495539043609293,-0.00000400648078321,0.99496036975607249,-1.98991983748456014,-0.99496843687826109,0.00000031290425780,-0.99496625812920059,-1.98990585140170406,0.99496155392758501,-0.99496143740031806,-0.99496164244229368,0.99496128283443452,-0.99495597228517585,-0.99495630655154133,-0.00000346625718998,1.98990966794809387,-0.99495909732040033,-0.00000189840583748,-0.00000092232331606,0.99495826592975323,-0.00000334609570081,-0.99496419971589045,0.99495692297440208,-0.00000079819040607,-0.99495923514863327,-1.98990870477573356,-0.99495897928674870,-0.00000064944158402,-1.98991873022217858,-0.99496306887407648,0.99496268699617463
ackley	512	22.14577734375000162	4.40793418405767490	2.20229558529917613	-0.03734126516947478,0.01503189794285626,-0.04685391261717443,0.01073768676033178,-0.00217336063589976,-0.01263244729073627,-0.00120405550815090,0.02006912702285407,-0.00416245825648819,-1.76642474600147592,0.04322828864557123,-0.93681255898122495,-0.02750199080711380,-0.02631718486629524,0.00741899010727962,-0.02534592646647164,-0.02889033755902580,-0.00587601452774815,-0.98504165953643341,-0.01371132277010485,0.99841620726699376,0.93951729582393795,-0.01956459911733144,-0.95048963558915933,-0.00304608663134818,0.03284334602546327,-0.95198666133627963,-0.00278737722529907,-1.00487478640865691,-0.01919972251020630,1.00679035512274218,-0.03864762950749731,0.00619221565068527,-0.00422349185512048,-0.02106716346446154,-0.03468448976475266,0.02853611004956075,-0.99360402513117496,0.90872574360168790,-0.02573905136876184,0.88954288199422449,0.00289482004401978,0.02200032222714401,-0.91183145089361539,-0.91220607701057821,-0.04818326571227645,0.02299257362828738,0.00032791010093985,0.03100096373018478,0.91077310497432118,-0.94250896648014248,0.02013199836376597,-0.04744956020831712,-0.02075824646631540,-0.03178202797668069,-0.00640837734275455,0.92331765552214329,-0.02244842823152675,-0.03756833826262460,0.03783700175113609,-0.99346141973891244,-0.94642538774213392,0.00892926958031053,-0.01338544918440391
rosenbrock	2048	146.52482812499999909	5.26261636888295925	27.45726870078816972	1.00231655907258799,1.00341933459239319,1.00096759317263273,1.00123425805158250,1.00268899585323634,1.00526494258381116,1.00180710020113906,1.00309658678578306,1.00248357466227400,0.99833003024859635,0.99651722977111257,0.99635047237788388,0.99311284623860718,0.99730858565039138,1.00797246563231879,0.99244225364312688,0.99109506986691731,0.99811045369364904,1.00089215365777884,0.99971064860026948,1.01079810048929875,1.00359916864655396,1.00522972650499076,1.00696780342674508,1.00266349126036447,1.00147256532506601,0.99788710429227567,0.99946371109699395,1.00102063254437224,0.99836828357612573,0.98490429441108240,0.95299258537015397,0.92546285408309648,0.81726580312588126,0.65193269225200268,0.43845855097797642,0.17408474095593832,0.04011524658538124,0.01339353588171018,0.00775800095465209,0.02406598758564334,0.01094076986823223,0.00583527690513179,0.00184876983560642,0.00544615011943178,0.01028738237370011,0.01192039416445605,0.00838218799121830,0.00197211939888456,-0.00543134795560245,0.00758847575983177,-0.00245583881863116,0.00936350693960585,0.00602543610659680,0.01400199843068434,0.01997016860742118,0.00473498102837924,0.00389959681293007,0.00394552032877130,0.00632364019000868,0.00981428400166929,0.01638219577328016,0.00161896291821291,-0.00291160411988848
rastrigin	2048	111.69825781250000318	7.44557448549585743	55.71767492382778642	1.98991765168337875,-0.99495642872851631,-0.00001834733473277,0.99494727403340910,-0.99497950359334775,-0.99494805441235712,0.00001492060107507,-0.99496635675617728,-0.99494173830063282,0.99496460673723830,0.99495435749900518,-0.00001224308204335,-1.98989775865029972,0.99493832936689586,0.00000953130811186,-0.00000874791979463,-0.99495953130418813,0.99497968222776934,-0.99495087219033851,-0.00001132236260746,-0.00000382038362525,-0.00000707350692998,0.99496646416815138,0.99497015357754293,0.00001459012562663,-0.00000138271310926,-0.99493867786152768,-0.00001144012426785,-0.99496245546969331,-0.99496510919993741,-0.00001205290441465,0.00000026440636439,0.99494662682704404,0.00000185088902633,-0.99496758659522122,-0.00000105903496230,0.00001517878635986,1.98989817820172665,0.00000151093850185,0.99495582907367919,0.99496198236281796,-1.98990832085642722,0.99497674491597077,0.99495856561837948,0.99495076869344323,0.00000045669687568,0.00000932520142160,-0.00000880082725632,-0.99496688952420187,-0.99496162673675426,-0.00001946318126750,-0.00000645557359786,0.99496574080558930,-1.98991634478745438,0.00000372216985960,1.98990332595922537,0.00000096322718785,0.99495300535723952,-0.99494381273256871,0.99494633317165571,0.99497329807254176,0.00001356234599432,0.99497597477812660,-0.00000460109803648
ackley	2048	62.13780468750000097	4.40793418405767490	2.20229558529917613	-0.03734126516947478,0.01503189794285626,-0.04685391261717443,0.01073768676033178,-0.00217336063589976,-0.01263244729073627,-0.00120405550815090,0.02006912702285407,-0.00416245825648819,-1.76642474600147592,0.04322828864557123,-0.93681255898122495,-0.02750199080711380,-0.02631718486629524,0.00741899010727962,-0.02534592646647164,-0.02889033755902580,-0.00587601452774815,-0.98504165953643341,-0.01371132277010485,0.99841620726699376,0.93951729582393795,-0.01956459911733144,-0.95048963558915933,-0.00304608663134818,0.03284334602546327,-0.95198666133627963,-0.00278737722529907,-1.00487478640865691,-0.01919972251020630,1.00679035512274218,-0.03864762950749731,0.00619221565068527,-0.00422349185512048,-0.02106716346446154,-0.03468448976475266,0.02853611004956075,-0.99360402513117496,0.90872574360168790,-0.02573905136876184,0.88954288199422449,0.00289482004401978,0.02200032222714401,-0.91183145089361539,-0.91220607701057821,-0.04818326571227645,0.02299257362828738,0.00032791010093985,0.03100096373018478,0.91077310497432118,-0.94250896648014248,0.02013199836376597,-0.04744956020831712,-0.02075824646631540,-0.03178202797668069,-0.00640837734275455,0.92331765552214329,-0.02244842823152675,-0.03756833826262460,0.03783700175113609,-0.99346141973891244,-0.94642538774213392,0.00892926958031053,-0.01338544918440391
rosenbrock	8192	158.47542187499999500	0.38843841014951502	8.31182725020344648	0.99899076703008338,0.99976610157973311,1.01088916694360953,1.03391445713594399,1.03996847148868987,1.01004718070098365,0.99444124137367118,0.98686410616768216,0.97841110523413777,0.98669980767559107,1.00718073726832724,1.00714905631520146,1.01035833586655088,1.01177367199301083,0.98741430786072759,0.96499168534405699,0.95982979261927226,0.91613465218429480,0.95461378364610550,0.98444744059669209,0.97570770873627743,0.96317475524155705,0.97552407679569608,0.99774521009653594,1.02144021198694701,0.99420634681076037,0.96597954619362114,0.97774321294286548,0.98893200499897582,0.98428008336978878,0.97980867057235344,1.00768407804466320,1.00734612126402245,1.00541514549899436,1.01958159045290842,1.01417664913318872,0.99135924927750396,0.98350850301167492,0.98366550106134487,0.99133929038175106,1.00281726104881130,1.01406765093647722,1.00334706918691641,1.00537426494356996,1.01231000547457661,1.04418936979080601,1.00177164241403505,0.94909449464595796,0.98267622050598824,1.02471596736932269,1.00232985799674967,1.02222798206236298,1.01147651825600593,1.00491365090264928,0.99839684517161942,0.99485859740972593,0.97961684740968391,0.97791637167756484,0.98243259334819932,1.02455518993660966,1.05308928438668459,1.09843689746550899,1.14142455292635492,1.29433902685503899
rastrigin	8192	129.00566406249998863	7.37879961784847005	54.72271112217615041	-0.00000010520700943,1.98990997509201706,-0.99496394228394514,-0.99495044274658784,-0.00000130805136841,0.99496243488976321,-0.99496629487216037,0.00000119373774494,0.00000527082539454,0.00000120225317954,-0.99495816818425908,-0.99495289465886638,-0.99495656465013160,-0.99495322666478070,0.00000023468340820,1.98991383992967941,0.00000011418483681,0.00000141513427179,-0.99495600742801749,0.00000095309488355,0.00000177647631487,0.00000025142390233,-0.99495698712884340,0.99496342153924666,0.99495281626394316,0.99495443033641040,0.99495761701078189,-0.99495852241962446,-0.00000186136733246,-0.00000133011007819,1.98990221118102384,-1.98991052296280291,0.00000620505825108,-0.99496156438999439,0.99495523253219365,0.99496009353830006,0.99495930220966344,-1.98990845784536119,-0.00000157980719758,-0.00000032386257855,0.99496128678078177,0.99495440123057888,0.00000026076243492,-0.00000020307533585,-0.00000036552873559,0.99495424940345478,0.00000019385769652,-0.00000182862810896,0.99495442054090399,0.99495854786273008,1.98992285312259543,0.00000326921531096,-0.00000031284771974,-0.99495703433173233,0.00000450571363012,-0.00000003418826175,-0.99495692368645083,-0.99495933027437156,1.98992534193087511,0.00000581212396509,0.00000229986719739,0.00000011554081702,0.00000169256547689,0.00000029244269619
ackley	8192	70.54314843749999397	4.07505554094685163	2.00297615261813933	0.00000000065798372,0.93488186827064423,0.00000000933405973,-0.00000000068705203,0.00000000161381407,0.00000000029289411,-0.93488184587767931,-0.00000000427585478,-0.00000000473656972,-0.93488185097254783,-0.93488185294666404,0.00000000672857862,-0.93488185145704350,0.93488187270076939,-0.00000000071508736,0.00000000334198941,-0.00000000783107248,0.00000000675141890,-0.00000000941865491,-0.93488184115252282,-0.93488185273830027,0.00000001645549155,0.00000000377762714,0.00000000110766589,0.00000000227564235,0.93488184924729001,-0.00000000172600506,-0.00000000054106706,-0.00000000084649927,-0.00000000961297553,0.00000000228171127,0.93488188400114058,-0.93488186784118177,-0.00000000922400781,0.93488187690532720,-0.00000000221599862,0.93488184573533273,0.00000000342392341,0.00000000055895413,-0.00000000054864425,-0.00000000129809829,-0.00000000096750344,0.00000000671236193,0.00000000430470452,0.00000000207765720,0.93488185629790244,-0.00000000530404861,0.00000000964135993,0.00000000347336168,-0.00000000344639592,-0.00000000926535119,0.00000000268199688,0.00000000454098873,0.00000000822689640,0.00000000646586457,-0.93488184702086008,0.00000000190575270,-0.00000000264774608,0.93488184471648295,0.00000000911009368,0.93488186356500791,-0.93488185572834359,-0.93488186512775395,0.00000000178563801
rosenbrock	32768	378.99434374999998454	0.38843841014951502	8.31182725020344648	0.99899076703008338,0.99976610157973311,1.01088916694360953,1.03391445713594399,1.03996847148868987,1.01004718070098365,0.99444124137367118,0.98686410616768216,0.97841110523413777,0.98669980767559107,1.00718073726832724,1.00714905631520146,1.01035833586655088,1.01177367199301083,0.98741430786072759,0.96499168534405699,0.95982979261927226,0.91613465218429480,0.95461378364610550,0.98444744059669209,0.97570770873627743,0.96317475524155705,0.97552407679569608,0.99774521009653594,1.02144021198694701,0.99420634681076037,0.96597954619362114,0.97774321294286548,0.98893200499897582,0.98428008336978878,0.97980867057235344,1.00768407804466320,1.00734612126402245,1.00541514549899436,1.01958159045290842,1.01417664913318872,0.99135924927750396,0.98350850301167492,0.98366550106134487,0.99133929038175106,1.00281726104881130,1.01406765093647722,1.00334706918691641,1.00537426494356996,1.01231000547457661,1.04418936979080601,1.00177164241403505,0.94909449464595796,0.98267622050598824,1.02471596736932269,1.00232985799674967,1.02222798206236298,1.01147651825600593,1.00491365090264928,0.99839684517161942,0.99485859740972593,0.97961684740968391,0.97791637167756484,0.98243259334819932,1.02455518993660966,1.05308928438668459,1.09843689746550899,1.14142455292635492,1.29433902685503899
rastrigin	32768	379.32637499999998454	7.17474372595113241	51.73784361976791502	-0.00000098279768439,0.00000009446237505,-0.00000024674170166,1.98991186298410461,0.99495461770059568,-0.00000073506133026,0.00000095985077536,0.99495796273054593,-0.00000050061236915,-0.99495939967129399,-0.00000029959523915,0.99495643313501836,0.00000029313417517,-0.00000047157418869,-0.99495922928415814,-0.99496232677499008,-0.99496054564949854,-0.99495962873309907,0.00000073549097563,-0.99495834238155911,0.00000063830641812,-0.00000140719833415,-0.00000166860675091,-0.99496229467920105,0.99495279649465707,-0.00000257378642442,-0.00000072843922968,-0.99495909268028915,-0.99495716602395667,-1.98991170595729394,0.99495888456480064,-0.99495876554506635,-0.00000058851218123,1.98990853474757223,-0.99495747582981020,-0.99495847253198888,-0.99496186243859697,0.99495713331791025,-0.00000098967144655,0.99495999544462199,0.00000003428531140,0.00000081884968506,0.99496111428949463,0.99496031392769890,-0.00000045045406717,0.99496040690137744,-0.00000086366743793,-0.99496099488399092,0.99495826497086359,-0.00000180161105259,0.99495991501892000,0.99495938783781879,-0.99496070551622995,-0.99496434883218554,0.99495867676988825,0.00000014237096509,0.99495865984140752,0.99495809628889120,0.00000087463746171,1.98991122726012337,0.00000084521574599,0.00000031459955252,1.98991640585142249,0.00000082415395026
ackley	32768	331.87003125000001091	3.01882601703746145	1.52534477657344825	-0.91041968276397922,0.00036841748635103,-0.00185004110368928,0.00020965179423357,0.00029954432033592,-0.00050923381381763,-0.00102082074770030,0.00137054692076011,0.00086080109279626,-0.00024646012454144,-0.00078838328740931,0.00038632433717846,0.00139285947242658,0.00053150322642066,0.00002520467097182,0.91180616319948693,-0.90961660911727271,-0.00111184638192295,0.00101285350024215,-0.91011678790946338,-0.00040763732163076,-0.00035511923506306,-0.00045602021863566,-0.00052963460736201,0.00054078323230841,0.00081898199806936,0.00024982397009596,-0.00167523378509697,-0.00041296674333770,0.90926793127763772,-0.00008932866106561,-0.00021810767759503,0.00135310936312264,-0.91066163028709002,0.00008805333073211,0.00154618393821831,-0.00147141622675376,0.00132050454572539,-0.00031777406559840,0.00009637573095858,0.90991048184210177,-0.00023997804057237,0.00053493276621989,-0.00036781529678860,-0.90981528398449596,-0.00032623366354643,0.00033211609069109,0.00001622890991630,0.00042750111503844,0.90996808556815312,0.00031337682784028,0.00138360429404826,-0.91034148505027235,0.00170638608171578,0.91036467579398228,0.00080024717626902,-0.00110791618014153,-0.00084458457464843,0.00143363449520963,0.00088750402184340,-0.00025066355837780,-0.00109112567846105,0.00040522410187661,0.00116078205498846
rosenbrock	131072	2588.32549999999991996	0.70308695777087826	3.95420539953048422	0.99023468971049422,0.98680769843187188,0.99099413106761391,0.98568389349424368,0.98960245439643646,0.99894246389058861,0.97725379675425694,1.01838765463808256,1.00962149266952528,1.01619181018602056,1.02736833913618608,1.04273703874615853,1.01499679175920732,1.01212312554355943,1.00447777209148259,1.00000815028685230,1.00773774127134752,1.00110525214363255,0.99039438270095381,0.99482107333742864,0.99521190136289006,0.99948353873106521,0.99946724753436267,1.00048779975764024,0.99269413574972876,0.99750731193606534,0.99620140101731380,0.98487348275043041,0.97843617262674787,1.00226616550214498,0.98773138662921678,1.00153089165995213,1.00149711107100670,0.99266865648389602,0.98877725476175282,0.99301492545397707,0.99896811739410452,0.99291249965712780,0.99246588306785011,0.99191276235089543,1.00162027613124960,1.00280126850285578,1.00384296435102049,0.98448457060300398,0.98227656052714041,0.97594104934137971,0.95328940044538846,0.97847809973998823,0.98915902979354464,0.98752268212769845,0.98511004461223828,0.98814730966647724,0.98299122068253908,0.98734191583193087,0.98369874360011722,0.96943108690060631,0.96825480411077591,0.96283983484872049,0.92907283469488222,0.90191511765815946,0.90489731045388011,0.83464944012710562,0.66655198661845771,0.43674778828449984
rastrigin	131072	1498.27137500000003456	7.03542272620649811	49.74792550466763430	0.99494578383191967,0.00000112889656166,0.99498528866719549,0.99494877550128968,0.99494988668618556,1.98994799175188986,0.99495525694339348,-0.00000522661863756,-0.00002523578869931,0.99494285796997406,0.00000926555799759,0.00000014828829655,-0.00000210788607311,-0.99495773679612365,0.00001179291194663,-0.99495681848918671,-0.00000680661722065,1.98995383742457932,-0.00000301934052203,1.98991682070927633,0.00000582708931310,-1.98990620403618279,0.00000096920298378,-0.00001439251930865,0.00000465489375694,0.99495678435994672,0.99495130290070743,-0.00000384466673961,-0.00000530109709715,-0.99495108348901096,0.99496556768941036,-0.99495522889697130,0.99494181271525362,-0.99492780546258630,-0.99497624821711561,-0.00000054653967975,-0.00000871573208020,0.00000000341298497,-0.00000597580683650,-0.99494189300943470,0.00000349756138622,-0.99494626792523333,0.99495152096219208,-0.99498346648755032,0.99493338983990898,-0.99494955840576860,-0.00000646036289418,0.00000185282614050,0.99495765278575754,0.00000523526664658,-0.00000359677072706,-0.00000744129834526,-0.99496644352874575,-0.00002031348249463,0.99497833068636610,-0.99494471698112696,-0.00000643535224355,0.99495127616772061,-0.00000664478072262,1.98990724452528656,0.99494893100221427,0.00000617043471294,0.99498920379054656,0.99497608931473758
ackley	131072	889.13912500000003547	2.32374184875595491	1.25630175592684212	0.01618320449745596,-0.01091093233564051,0.01327747389205093,0.03008385986689189,-0.02053028875767572,0.09062162730416361,0.02187912027706578,0.00524355105005147,0.03226307433351294,0.00560521300086772,-0.00765636849330428,0.01101626934828674,0.05766451417530206,0.01360662127366265,0.00003235872087156,0.01441237178252803,-0.02307950475465690,-0.04308190026645607,0.00227824085140267,-0.01689841384904219,-0.00144981879343720,-0.87893694991022597,-0.00076507209919312,-0.00328918545542074,0.00961866329842957,-0.01238328851716585,-0.08704509658775569,0.01745340800699909,0.85761315651149550,-0.00321792011585036,-0.86665155254095694,0.02068040573539150,-0.01751997713883620,0.00724551747843845,0.02362830680259846,0.92012660162649806,-0.00345689524760026,0.00217808586667119,0.01350480881247367,-0.00510146554485214,0.00962293184283162,0.00423179189030248,-0.03745943622139214,-0.00648642657853441,-0.01137265164274757,-0.01405595823971288,-0.02269899638183926,-0.04836023364334936,-0.84070520861382370,0.03797086498685383,0.80292833383661522,0.02526408148054278,0.01169696951586424,0.94978614885632795,0.05248591613452315,0.00111995033853049,0.01206280574839369,0.01874063424994295,0.01337309851209827,-0.00352119257219339,0.00386049218717882,0.00213111586800077,0.03286718723045001,-0.03136778497243686
rastrigin	2097152	32288.41999999999825377	6.29267818373363319	39.79835762487044803	-0.99492257326896050,0.99493304941570193,-0.00001516865948000,0.99495945930515639,0.00000340798830174,0.00003842035702794,-0.99491961791294703,0.00001334520631839,-1.98991877310179976,0.99496333454246555,-0.99497051235470857,-0.99493826868682445,0.00000978088605675,-0.00004707081045393,0.00001380167980701,0.99496553438337043,0.99495318267303068,0.00001582758583105,0.00004406603847812,0.00001586529265895,0.99498778535184151,-0.00001115266410364,0.99496371853640064,0.99495740086441109,-0.00001013829058648,0.99495771378651821,-0.00001545876544489,-0.99495427182999119,-0.99499887217402638,0.99494481481993868,0.99496242386814038,0.99495582394825566,0.00001552891061231,-0.99496091684634513,0.99493763591306539,0.00000291300591492,-0.99501608133461483,0.99495915753186093,-0.99494152557054749,-0.99496121714310604,-0.00003113315334342,0.00001697233410084,-0.99501023112991915,-0.99495878998196197,0.99495824195190907,0.00001511919259928,-0.99497023942249097,-0.99497414545857144,0.99494101820470504,0.00002721999949316,-0.00001517787725237,-0.99498169737317033,0.00001363864287305,0.99494673361582053,-0.00003127026600064,-0.99495285145177714,-0.00001362426387790,-0.00001545453698434,0.00004841323798651,-0.00001041364125537,0.99495324394533857,-0.00001158529570339,-0.99499824311569363,0.99492339613035330
rosenbrock	2097152	43648.68400000000110595	0.35320753504639424	0.03625075688122617	0.99987050196751093,0.99975744517931053,0.99994766632340737,0.99986972824619935,1.00003652145126032,0.99981206040503523,1.00001851499971184,1.00029525136367958,1.00016873651963811,1.00030001578498484,1.00038519407981163,1.00035244057213135,1.00023122269069065,1.00038604356115268,1.00020620367446189,0.99994762718913210,0.99999642559589808,1.00002050127308317,0.99998982434596018,0.99998655963325600,0.99990464115941480,0.99994933275420494,0.99997211482653159,1.00007497979656157,0.99994314478602231,0.99990660454969182,0.99997044760422149,0.99998275154299543,0.99989168209146340,1.00010464076677641,1.00008171837287096,1.00015419627571589,1.00009811256180203,1.00010856258758007,1.00001424929936844,0.99994372069358584,0.99987630835586250,0.99999054964151857,0.99995671822166587,1.00004874500613172,1.00017504058379614,1.00001977017332289,1.00005862150891289,1.00002541845915682,1.00026167522620879,0.99983156865880973,1.00013956643488089,1.00035273953682680,1.00016645858150888,0.99988428131460327,0.99986816233328690,0.99986753305134135,0.99987934737055983,0.99974429092584394,0.99946657523866111,0.99888701490350096,0.99741590729233309,0.99458632811791581,0.98902503435380396,0.97832672149891153,0.95712079564503183,0.91592933385990816,0.83829567916904568,0.70155123850832302
ackley	2097152	21770.91999999999825377	0.00000333749521610	0.00000166875687713	-0.00000042359283376,0.00000001045296775,0.00000002256330604,-0.00000010684023693,0.00000015116953917,0.00000057925585297,-0.00000194252054299,0.00000036703059861,-0.00000025237471733,-0.00000008039099077,0.00000000118778640,0.00000029876683981,0.00000024232885545,-0.00000014119687039,0.00000079846761600,0.00000005006989649,-0.00000040918051793,-0.00000020841308075,-0.00000001137871741,0.00000006710677986,-0.00000033242416231,-0.00000034023622972,-0.00000028752960870,-0.00000021487705953,0.00000057244822800,-0.00000006612652162,0.00000005137641841,-0.00000049651110368,-0.00000029405593612,-0.00000047486581836,0.00000022525826681,0.00000034369181968,0.00000001687218051,-0.00000018045363029,-0.00000000969300799,-0.00000007459451002,-0.00000038858206395,0.00000030411554188,-0.00000044450520307,-0.00000010567348790,0.00000024421563373,0.00000080482518529,-0.00000002272843073,-0.00000031394887955,0.00000002199744457,0.00000002512445205,0.00000029173718798,0.00000012557225314,-0.00000008448009471,-0.00000026648325009,0.00000031119680298,-0.00000135348323278,-0.00000015546237890,0.00000008527720727,-0.00000064930889664,-0.00000023193175844,0.00000020831285252,-0.00000010268900609,-0.00000007881332512,-0.00000001852025878,-0.00000006388364442,-0.00000027867709388,-0.00000020237127095,0.00000027198837626
ackley	8388608	0.41456295776367186	0.00000000000000000	333777.00000000000000000	0.00000000000000000,0.00000000000000000,0.00000000000000000,0.00000000000000000,0.00000000000000000,0.00000000000000000,0.00000000000000000,0.00000000000000000,0.00000000000000000,0.00000000000000000,0.00000000000000000,0.00000000000000000,0.00000000000000000,0.00000000000000000,0.00000000000000000,0.00000000000000000,0.00000000000000000,0.00000000000000000,0.00000000000000000,0.00000000000000000,0.00000000000000000,0.00000000000000000,0.00000000000000000,0.00000000000000000,0.00000000000000000,0.00000000000000000,0.00000000000000000,0.00000000000000000,0.00000000000000000,0.00000000000000000,0.00000000000000000,0.00000000000000000,0.00000000000000000,0.00000000000000000,0.00000000000000000,0.00000000000000000,0.00000000000000000,0.00000000000000000,0.00000000000000000,0.00000000000000000,0.00000000000000000,0.00000000000000000,0.00000000000000000,0.00000000000000000,0.00000000000000000,0.00000000000000000,0.00000000000000000,0.00000000000000000,0.00000000000000000,0.00000000000000000,0.00000000000000000,0.00000000000000000,0.00000000000000000,0.00000000000000000,0.00000000000000000,0.00000000000000000,0.00000000000000000,0.00000000000000000,0.00000000000000000,0.00000000000000000,0.00000000000000000,0.00000000000000000,0.00000000000000000,0.00000000000000000
rastrigin	8388608	115681.25599999999394640	6.29266221033710682	39.79835209747238878	0.00000508361417402,-0.99496278587850218,0.99498418164523839,1.98991085083641628,-0.00003242209842273,0.00002180801889094,-0.99493977190788341,-0.99493680400280327,0.99496100102924345,0.99495103126324158,0.00000854067927291,-0.00000434871691836,-0.99494002832982453,-0.99493791189023917,0.99494844002316940,-0.99495432700534980,0.00000969403478843,-0.99496876896376507,-1.98991149082015828,0.00000286799051888,0.99495109378699798,-0.00001002793812187,0.99496279775375318,0.99492170463594654,-0.99495599042349370,-0.99498759665732750,0.99497740262687939,0.00001965052721033,0.99496218155089911,0.00000358521914804,-0.00000478927361834,0.00000485535668236,-0.99498713578206133,0.00000254698661574,-0.99495111964845973,0.99496997536756981,-0.00001066433162325,-0.00000625464986468,0.00000169857829402,-0.99497971510525496,0.00001725095002979,-0.00001036971293840,0.00000929483728190,-0.00000095377031199,-0.00000896680009990,-0.00000015197268110,-0.00001046535054298,0.00000808859879509,-0.99495059308654732,0.99497389315243701,-0.99494327341030286,-0.99495876028054897,-0.00001652825551743,0.99493662912684777,-0.99495911518519831,-0.99496171002191680,0.00000320545847827,-0.00000158106165833,0.99495678168120627,0.00000250651943043,-0.00000024792519377,0.99495808807753905,-0.00000911081408299,-0.99495496318833121
rosenbrock	8388608	139579.15200000000186265	0.06316544547189931	0.02826782389510941	0.99986415793562522,0.99923630418182896,0.99933857228640144,1.00024578778807638,1.00282987837261506,1.00095738554907920,1.00071047069770946,0.99995956517340112,1.00022202753543188,1.00188766332302115,1.00063881849001435,0.99900417709058142,1.00055168244931059,0.99933175548403541,1.00073737558901787,1.00103022741205194,1.00023682679189507,1.00129038102703927,1.00127857428872069,1.00251094403793806,1.00038162788400320,1.00065592705245909,1.00176213995564911,1.00026514257238275,1.00042889748716490,1.00207162675219008,0.99981029247944631,0.99733545429752379,1.00124915654666014,0.99850189848715531,0.99866718711554259,0.99902015949545342,0.99821400156750217,0.99946432271674557,1.00132774563460969,1.00059978557448148,1.00114439380886933,0.99912586785780244,0.99961475472395322,1.00013563245167569,1.00132531276576908,1.00149576518031713,1.00203746875301025,1.00126053672947468,1.00135282650687807,1.00165670753786240,1.00090713529793418,1.00098551341896402,1.00191334104742880,1.00065583352851872,1.00012366225402083,0.99987421489101325,0.99940324835456462,1.00044407045521422,1.00004520211452586,1.00050464664027094,1.00040493944962172,1.00021033281478422,1.00063465499484794,1.00218711153470297,1.00512358034259663,1.01222757193471669,1.02666598167906775,1.05494816743882280
rosenbrock	8	43.15807031250000136	7.00032042979982094	48.78425493916429190	1.00159733909328641,1.00327942166377415,1.00675575419693031,1.00263224314686661,0.99435794399106892,0.99923617470024717,0.99710088013279496,0.98416820277768680,0.96218202571357192,0.94147091336806110,0.89767264072282926,0.81073201978654896,0.67077439878654355,0.46711854711406675,0.22654594724598726,0.03524296568378735,0.01025374293341341,0.01170862229633234,0.01710949930581898,0.00956353198671363,0.01281436395271653,0.01237118291913945,0.00981598325569429,0.01450699167855327,0.00678182977430690,0.00937246928365808,0.01349742750816527,0.00844558260327713,0.00375904410860682,0.02682743386860625,-0.00055972920119046,0.00624140864133001,0.00460194945873701,0.00267590209202023,0.01160925729047908,0.01428651664119364,0.01075539593770235,0.00662740822642851,0.00983668777900003,0.00366810438644157,0.01023599070123160,0.00867886915368843,0.00385797312748973,0.00625807886077701,0.02333438285801584,0.01417144320682841,0.01166401915784281,0.01659318193204476,0.00644333037101464,0.00485098701495282,0.01716574820480066,0.01081970305807678,0.01230448555489439,0.01223590371945316,0.00751407979405209,0.01148853380266384,0.01480419992357481,0.00987794698517037,0.00761229229200612,0.01006163475629408,0.01021064409082475,0.01527392542455296,0.00599769313937394,-0.00071819885006808
ackley	8	20.56992187499999858	7.68211751186363490	3.54833873630436303	0.96815051018141163,-0.00000000056422052,-0.00000000315068121,-0.96815051739205704,0.00000000372095914,0.96815055235925951,-0.96815056989814030,0.96815053373020887,-0.00000000245203747,-0.00000000204654065,-1.93497461090073530,-0.96815054327259997,-0.00000000046717263,0.96815051648646810,-0.00000000308089516,0.96815054521316291,-1.93497462894071215,0.00000000146446047,-0.96815051539479147,0.96815052267104951,-0.96815054191204797,-0.96815053256910011,-0.00000000542873885,0.00000000673816300,1.93497465006197533,-0.96815052494391363,-0.00000000541451249,-0.96815054314190119,0.00000000392509517,-0.96815051606202307,0.00000000096029204,-0.96815051999274127,-0.96815052210721420,0.96815055589665799,-0.00000000828256703,0.96815056939758237,-0.96815052441290339,0.96815053688106278,1.93497465414135772,-0.96815054449647575,0.96815052349166952,-0.96815053836364373,-0.00000000441435257,-0.00000000354823267,-1.93497467577844628,0.00000000044889862,-0.96815051141889297,-0.96815054303661774,-0.96815051449429002,0.96815053062043210,-1.93497470430698648,-0.00000000678098082,-0.96815052055544837,-1.93497471804542420,0.96815053484541047,-0.96815053639678228,0.96815055347983847,0.00000000105446103,-0.96815051397660901,0.00000000277824815,-0.96815052215830355,0.00000000688309354,-0.96815051614257308,-0.00000000246294730
rastrigin	8	24.70319726562500051	9.43899748669953986	89.54624132297047368	0.99495870438110334,-0.00000047448255020,0.99496469747270200,-0.99495555378738498,-0.99496409925718488,0.99495645127722099,-0.99495438043888906,1.98991497522207794,-0.00000258810587638,0.00000490440576054,-1.98991744706138540,-0.99496458024901047,-0.00000005340906895,0.99495607462073832,0.99496781145466884,1.98990986776372658,-1.98990930550546197,0.00000193543596235,-0.99495283805606016,0.99495385016191917,-0.00000453656604062,-0.99495407498227484,0.99495878654227543,-0.00000926261298499,1.98991750947964485,-1.98991725462030367,-0.00000490436063877,-0.99495032202691636,0.99495786109710260,-1.98990588401519508,0.00000189380184876,-0.99495662085688241,-0.99495472796011564,0.99495263535444833,0.99496076605378636,0.99496625138594974,-0.99496242221189124,1.98991559489753667,1.98991940332094597,-0.99495779165458087,0.99495995613034416,-0.99495436293472383,-0.00000120071130682,-0.00000075508461877,-1.98991399245876055,-0.00000001269436315,-1.98991005448527791,-0.99496435159737906,-0.99495469831926364,0.99496346522287449,-1.98992408604567417,0.00000768163731763,-0.99495465248163195,-1.98991054474737905,0.99495735195145241,-0.99498588363915119,0.99495631391203931,-0.99496219641268402,-1.98990507569097486,0.00000268361241089,-0.99495969036808563,0.00000908884371503,-0.99495644374136105,-0.00000336368109353
rosenbrock	32	45.40961328125000307	6.76033061457798379	45.46871620844871131	1.00003167049825281,1.00013996875610411,0.99994987408265079,0.99905382849594648,1.00010687472745530,1.00025855746362691,1.00141854489841609,1.00021145680676105,0.99694943213223730,0.99487047120537209,0.99288817991060030,0.98821184714341803,0.96422060383578356,0.93683892859719309,0.88635823757566756,0.76971853002408042,0.58284494116879193,0.31908601682355708,0.06495598366247177,0.01458680343581669,0.00861489845713679,0.01170651759989831,0.01272080743770459,0.00839720847525185,0.00355470131271267,0.02110989446720303,0.02413592568834891,0.02524341985969156,0.01099486225617276,0.00321447914092230,0.01423429126519000,0.00914663879617044,0.00776966099010964,0.00276146640607126,0.01197826617335961,0.01011206234766358,0.01424063100109765,0.00235231727054542,0.00484902065628374,0.01213908254748764,0.00831545459486488,0.00994713263848927,0.00935440859847631,0.01102218989572131,0.00964861067749100,0.00916000490947805,0.00699375662500983,0.00691166064526513,0.00976201781329822,0.01015251059219518,0.00899062117432231,0.00804928000866261,0.01318602265612273,0.00685802877224304,0.00243048192509861,0.01135249516096999,0.01105497391015321,0.00966074530368927,0.00825163123206247,0.00989023875733233,0.01085106132119674,0.00972752849175347,0.00922871882597382,-0.00125401514867827
ackley	32	21.19568164062500060	6.73845907116065401	3.15701844070693527	0.00000000182948190,0.96289919363492671,0.96289919968224158,0.96289920955419062,0.96289922522377669,0.96289920356796854,0.96289920398869433,-0.00000000207416660,0.96289921052014760,0.00000000066565200,0.00000000490290938,0.96289920839283183,-0.96289923184492998,0.96289919291762460,0.96289921181816585,-0.00000000473871658,-0.96289922525541505,0.96289921398815448,-0.00000000954166932,-0.96289921516857557,-0.96289923174444225,-0.00000000289477959,0.96289921246060262,-0.00000000027257572,0.96289918913449690,-0.96289923199649263,1.92365620208341825,-0.00000000460198764,0.96289920326861500,-0.96289918275020914,0.96289921441670445,0.00000000023546554,0.96289924271718419,0.96289917227349497,1.92365621186670710,-0.00000000229480290,-0.96289923255406118,-0.00000000206316902,0.00000000024702011,-0.96289923028272062,-0.00000000439173946,0.96289920958542530,-0.96289919510526023,-0.96289922650515369,-0.96289921227078357,0.00000000399071575,0.00000000951482523,-0.96289924088468881,-0.96289920409617025,-1.92365620893355094,-0.96289922697950547,-0.96289921604643502,-0.96289918109343553,-0.00000000315901243,0.00000000272966424,0.00000000644553936,-0.96289922867201583,0.96289919205210628,0.96289923031399194,0.00000000238316537,0.00000000728277415,-0.00000000014368204,-0.00000000513047970,-0.00000000700813947
rastrigin	32	26.22413476562499923	8.89915959168910931	79.59666170717376588	0.00000958957648181,0.99495851236492749,0.99497461821583166,0.99495352763892608,0.99495619907376809,0.99496574697889462,1.98990062056314509,-0.99496525664271163,0.99495891409727533,0.00000023059564319,0.00000689334258644,0.99496308535511868,-0.99495661173199046,0.99496662055401963,0.99495383581390984,-0.00000691593435939,-1.98991621086201742,0.99495887857138809,0.00001140406589039,-0.99495472439128163,-1.98990791399507017,-0.00000777436071630,0.99495167469417434,-0.00000288428457625,1.98991820164853306,-0.99496158836864979,1.98989938285272649,0.00000151827114519,0.99496043083328445,-0.99495890394165043,0.99494847252419982,-0.00000537068185256,0.99495741170618834,0.99494063201455685,1.98991544178761193,0.00003079387415837,-0.99495463917097404,-0.99497179573919148,0.00000159254371745,-0.99495880269413106,-0.00001202151954580,1.98989827433509947,-0.99495664358656388,-1.98991888068169698,-0.99494639549342412,-0.99496547679290825,0.00000248018045814,-0.99496642446325900,-1.98990945422215693,-1.98991545343518994,-1.98990347551933455,-0.99495173408994786,-0.99496383777100383,0.00000153237827097,0.00000797146037679,0.00000684743006601,-0.99495801796358585,0.99494297138208398,1.98992103119408159,-0.99495208942880409,0.00001135117619537,0.00000098090679569,0.00000424162672708,-0.00000544042782718
rosenbrock	128	51.19817968750000148	5.26056224585440457	27.26783714264918856	1.00294594437949613,1.00027735922565642,0.99785357458373969,0.99621302972527148,0.99671950687007915,0.99819712717282538,1.00284423654225718,1.00331811439445540,1.00689352841538127,1.00573517390191425,1.00620570443746415,1.00405762542118593,1.00078478513839730,0.99700500003761872,0.99917416008821802,1.00102389142142201,1.00281493741980055,1.00050875271000783,0.99878824994954918,0.99944657713253704,1.00128584034285306,1.00137218953054585,1.00188346742968415,1.00035476205623852,0.99855838402249586,1.00457990178748191,1.00324267605022355,0.99862951288307122,0.99165983913966671,0.98262061474059448,0.96980186851747907,0.94213180364465832,0.88442816873286911,0.79503029456106611,0.64182654769872505,0.41575408136252745,0.15382402111425128,0.02145715549167924,0.00626794757803371,0.01448166230420359,0.01368916541148715,0.01053818789784838,0.01570857388023454,0.01424521540114270,0.00998190858929949,0.00814769910699982,0.01749877874684896,-0.00646699143212025,0.02641304392831796,-0.01853919966772131,0.01492125109037617,0.01807771442928204,0.01504673682648685,0.00989032047519741,0.01261805161228654,0.02176926262620238,0.00713357390975916,0.00548160593880780,0.01138069802128370,0.00863137951234363,0.00479152442068560,0.01134823240234357,0.01261616202848133,0.00162545112727374
ackley	128	22.87065820312500009	5.82410984373511376	2.77195470060477023	0.95674856686091370,-0.00320241429180425,-0.97498233738999740,-0.94103609682965494,0.96256153745792083,-0.01231719456173608,-0.01172357613291846,-0.00548203942928317,-0.93280754824168832,0.95691758508514346,-0.93661343546062004,0.00633134774328099,-0.96316267032840552,-0.96676533215602811,-0.00741048431901634,-0.97185804107278195,0.01792963868443986,0.01821055078971754,0.95692095231765550,0.96264142079990689,-0.93965201626176087,-0.95907731244055683,-0.01136946124859166,0.94955597080697041,0.00848222961239489,0.96558300830363109,-0.01303671233315326,-0.96120640567741633,0.00693314298834349,-0.95234745150515299,0.00112674449888212,-0.97286009800539364,-0.97179948360419688,0.95894852886651116,0.01201257456740362,0.96583706370036748,0.95680780839999802,0.01213964863444496,-0.00700193655616977,-0.00162413712856695,0.95423492042458247,-0.97210400953685594,-0.93717257320292102,-0.02119009718676100,0.01500278983040049,0.01148743165427688,0.00816322785441658,0.00917516456911228,0.02004886475049349,0.01228236567097533,0.00690797181286053,-0.96172673666269126,-0.01103212222724421,0.95488258746561017,0.01956849735006337,-0.96234807722010873,0.95447305049061737,-0.95596611217778305,-0.95582484136627610,-0.96921094179323586,0.01431348913816867,-0.00618140842448976,-0.01300605142632835,-1.90385971235683393
rastrigin	128	34.98896093750000347	8.08306026213085360	65.66725072107530536	-0.99495400446829330,0.99493950358270289,-0.99496476958134372,0.00000228286314223,-0.99497814558059539,-0.00000184725385346,1.98990799655901873,-0.00000319102259736,1.98987740787365541,0.99494155136623064,-0.99494719312320434,-0.00001476018739162,-1.98992605237390485,0.99495899553334588,0.99497354438218444,-0.99496125179369055,-0.99495708369664881,-0.00000006122559605,0.00000268152819835,0.00001014772183431,0.00000328650018717,-0.00000518216423971,0.99494812592742443,1.98989619696856468,-0.99495551718823649,0.00001594176070145,-0.99495641216010255,-0.00000041101849158,-1.98989837720068241,-0.99495037209362702,-0.00000273238365935,-0.99495925040963451,-1.98993217064529859,0.99495774716274987,-0.99495728583074983,-0.99497950923413292,0.00000105617259556,-0.00000268846100697,0.00000014608655022,0.00000023222720080,1.98994051595921384,-0.99494365582295974,-0.99495765587187801,0.99496187720273810,0.99494315878428474,0.99495940598512389,-0.00000025472497108,-0.00000445820586231,0.00000299747248595,-0.00000445682703476,-0.00000893736447158,0.99495629880270831,0.00001248484525377,-1.98990984201625265,-0.00000811093955923,0.99496348041514360,-0.99496262828612381,-1.98990826514248487,-0.99494286342186578,-0.99494991223609508,-0.00000019048375674,0.99496284094210063,0.00000015476580118,0.99495430268034024
rosenbrock	512	116.19350781250000182	4.16570275193888229	17.28038141220023149	0.99962500356156603,1.00430513299510404,1.00631843278792599,1.01344335748291114,1.01377359938317202,1.00403214678007191,0.99253154552214373,0.99423574840959472,0.98517275452963216,0.98801755781138567,0.99731996598704031,1.00027271067531687,0.99505866372292928,0.99352766983422436,0.99716009094343550,0.99583865105044966,1.00006086897237667,0.99895215322341924,0.99846159137773360,0.99723122801099573,1.00237813070385706,1.00228082812470887,0.99795077875339222,0.99768453102985055,0.99827968047590621,1.01353826709644790,1.00106860847717938,1.00144860633758115,1.00521434798537612,1.01000649841464085,1.01080728785561713,1.01243555326542478,1.01093019420547159,1.00481236276290620,1.00724114413279309,1.00050813244396641,0.99713489628059271,0.99322703245163557,0.99184432753389240,0.98331692081239530,0.96377016150600237,0.94847156123866128,0.90743382831947328,0.83568934367412950,0.70608092833193281,0.50721640605233453,0.26127877405776834,0.09153270582361588,0.03323877292162339,0.01898898715699681,-0.00800365503444622,0.02812353399702908,0.01314080424180657,0.02207930767785500,0.01731474404140192,0.01389261103633221,0.00232759745012147,0.00252865537526341,0.01403368789473786,0.01741365217290001,0.01306828381640224,-0.00346199703840691,0.00270416286381063,0.00919662326702072
ackley	512	44.32940624999999812	5.20501227207590311	2.50121998486342223	-0.00000000075187619,0.95030088529133050,-0.95030087196190172,-0.00000000082831733,-0.00000000030333455,0.00000000348899882,0.00000000581831469,0.95030090331049555,-0.95030088062592399,-0.95030087069691638,-0.95030086593775176,-0.00000000188170697,-0.00000000235995613,-0.95030087883735892,0.95030083577103852,0.95030087060686397,-0.95030087931562901,0.00000000124928784,0.95030086056340379,0.00000000163765612,0.00000000254533202,-0.95030085181373858,-0.95030089678026375,0.95030089482250324,0.95030088287230141,-0.00000000550388352,0.95030086490324406,0.95030089006500273,-0.00000000681490033,-0.00000000155075740,0.95030085818910448,-0.00000000248178132,0.00000000161422161,-0.00000000211585153,0.00000000129967266,-0.00000000356489133,-0.00000000454960314,0.95030088155880033,0.95030087971719013,-0.95030088713565308,-0.00000000290586638,0.00000000606305891,-0.00000000096627541,-0.95030086234396827,-0.00000000176836000,0.95030089136320872,0.95030087620622949,-0.00000000599795611,0.00000000539508495,0.00000000312408776,0.00000000493446869,0.00000000390983097,-0.95030088815897251,0.00000000248588174,0.95030089492164083,-0.00000000524074200,-0.00000000265973224,-0.95030089025588160,0.00000000521449644,-0.95030087069462210,-0.95030087663505314,0.00000000523941272,0.00000000298290694,0.95030089371589599
rastrigin	512	75.60248437500000307	8.08306026213085360	65.66725072107530536	-0.99495400446829330,0.99493950358270289,-0.99496476958134372,0.00000228286314223,-0.99497814558059539,-0.00000184725385346,1.98990799655901873,-0.00000319102259736,1.98987740787365541,0.99494155136623064,-0.99494719312320434,-0.00001476018739162,-1.98992605237390485,0.99495899553334588,0.99497354438218444,-0.99496125179369055,-0.99495708369664881,-0.00000006122559605,0.00000268152819835,0.00001014772183431,0.00000328650018717,-0.00000518216423971,0.99494812592742443,1.98989619696856468,-0.99495551718823649,0.00001594176070145,-0.99495641216010255,-0.00000041101849158,-1.98989837720068241,-0.99495037209362702,-0.00000273238365935,-0.99495925040963451,-1.98993217064529859,0.99495774716274987,-0.99495728583074983,-0.99497950923413292,0.00000105617259556,-0.00000268846100697,0.00000014608655022,0.00000023222720080,1.98994051595921384,-0.99494365582295974,-0.99495765587187801,0.99496187720273810,0.99494315878428474,0.99495940598512389,-0.00000025472497108,-0.00000445820586231,0.00000299747248595,-0.00000445682703476,-0.00000893736447158,0.99495629880270831,0.00001248484525377,-1.98990984201625265,-0.00000811093955923,0.99496348041514360,-0.99496262828612381,-1.98990826514248487,-0.99494286342186578,-0.99494991223609508,-0.00000019048375674,0.99496284094210063,0.00000015476580118,0.99495430268034024
rosenbrock	2048	121.52546875000000171	2.52405092695082978	5.44422208809142472	0.99944329407111032,0.99958053070103825,1.00004982855314251,1.00056318469940675,1.00146675750091307,0.99966633471703270,1.00061012122507753,1.00020367490262885,0.99948737051056791,0.99984184690777733,0.99934801949187158,0.99984890198511278,0.99977888581787866,0.99994966637695615,1.00017608596525243,1.00063533970653884,0.99977744823574155,0.99940375005632509,1.00056581708634296,0.99928121378160284,0.99944575579965023,0.99891631207329779,0.99990442578515570,1.00000986463902586,0.99993440945017631,1.00054360658804176,1.00042904463520443,0.99931294721414954,0.99900407874171671,0.99755936540295975,0.99804951292786148,0.99755287438254125,1.00027499315507606,1.00112389320781237,1.00171454538517124,1.00095833890871244,0.99919904155900330,0.99966186883171582,0.99988524674401391,0.99961065062710730,1.00062950383239779,0.99983549729983678,0.99991254183634604,1.00023065181126736,0.99924179469818808,1.00007812001907137,0.99844700436400602,0.99827883578188292,0.99789062486798297,0.99649692515080501,0.99282018148508100,0.98533247218966014,0.96918601296193985,0.93601608813101811,0.87553268096128567,0.76847829133956402,0.58520180618728290,0.33291367808723488,0.11050281050444173,0.02565879160596605,0.00780275420038053,0.01055178258291268,0.01187273148824610,0.00054628171902520
ackley	2048	48.94988281250000028	4.51691977705662140	2.19934911645499698	-0.00000000562584540,0.94184288225309376,0.00000000043407913,-0.94184288189601528,-0.00000001084006978,0.00000000028357826,-0.00000000723468809,0.00000000034944798,0.94184283341350616,0.00000000163004514,-0.00000000514889691,0.94184288319972609,-0.00000000303320099,-0.94184288761678669,-0.00000000324392307,-0.00000000655664145,0.00000000349414744,0.00000000465207013,0.00000000127885997,0.94184290374743285,0.00000000156808158,0.94184287664800437,0.00000000563717432,0.00000000049481038,-0.00000000091931992,-0.94184286630322356,0.00000000023546181,0.00000000345071001,-0.94184288411614736,0.00000000168032517,-0.00000000350610946,-0.94184290060341513,-0.00000000293238658,0.00000000315851117,0.00000000032773133,0.94184289211796179,0.00000000052319063,-0.00000000267885842,0.94184290192559650,-0.00000000478857140,0.00000000039176059,0.00000000424654505,-0.94184288996089138,0.94184288135991323,-0.00000000390865627,0.00000000692420257,-0.00000000092728016,0.00000000293247038,-0.94184286755508584,-0.94184289051535097,-0.94184288677360317,0.00000000851794174,-0.94184288825500939,-0.00000000266357982,-0.94184287346841156,-0.00000000238288115,0.94184287665795374,0.94184286168343856,-0.00000001458346262,0.00000000551750717,-0.94184285916324051,0.00000000460124643,0.00000000167288569,-0.94184288584899289
rastrigin	2048	89.93228906250000421	8.02160400315736410	64.67230289688893663	0.00000188201492659,-0.99495837206770710,0.99496284725808215,0.00000292107991898,0.00000166736907463,-0.99495904435065630,0.00000777109533108,-1.98991069860670144,-0.99495290788330859,0.99495560570408204,1.98991195694054102,-0.99495398736996044,0.99495601043401827,-0.00000243108248143,0.00000181790274479,0.00000280049478368,0.00000933721902431,-0.99496513499833728,-0.99495817659999497,-0.00000233035105441,-0.99495813483160722,-0.99496956708326811,-0.99497114392197761,0.99496111627934913,-1.98990817019334232,0.00000281854667250,0.99496175710909784,-0.00000209421758671,-0.99495302501179983,0.00000338958899599,-0.99495884826749426,0.99495835134530630,0.00000277286275486,-0.99495368214384905,0.00000235488702984,0.99496023171104331,1.98991044576624687,0.99495799756447700,0.99495404647499008,0.99495792409416584,-0.99496893635923411,-0.99495529694582840,1.98990353392214447,-0.99496077795337401,-0.00000219676460001,0.99496267000306127,0.00000018679443716,-0.99495440910393462,0.99494847919099350,0.99496370008890389,-0.99496165879374776,0.99496512161363238,0.99496146889121762,-0.00000264336374103,-0.00000047536331427,1.98991840078919724,0.00000273976814322,0.99496430407744196,0.00000373933850587,0.99495529572108943,0.99496903072376575,1.98990991343695311,-0.99495714025069493,-0.99494658581861717
rosenbrock	8192	160.67576562499999682	2.52405092695082978	5.44422208809142472	0.99944329407111032,0.99958053070103825,1.00004982855314251,1.00056318469940675,1.00146675750091307,0.99966633471703270,1.00061012122507753,1.00020367490262885,0.99948737051056791,0.99984184690777733,0.99934801949187158,0.99984890198511278,0.99977888581787866,0.99994966637695615,1.00017608596525243,1.00063533970653884,0.99977744823574155,0.99940375005632509,1.00056581708634296,0.99928121378160284,0.99944575579965023,0.99891631207329779,0.99990442578515570,1.00000986463902586,0.99993440945017631,1.00054360658804176,1.00042904463520443,0.99931294721414954,0.99900407874171671,0.99755936540295975,0.99804951292786148,0.99755287438254125,1.00027499315507606,1.00112389320781237,1.00171454538517124,1.00095833890871244,0.99919904155900330,0.99966186883171582,0.99988524674401391,0.99961065062710730,1.00062950383239779,0.99983549729983678,0.99991254183634604,1.00023065181126736,0.99924179469818808,1.00007812001907137,0.99844700436400602,0.99827883578188292,0.99789062486798297,0.99649692515080501,0.99282018148508100,0.98533247218966014,0.96918601296193985,0.93601608813101811,0.87553268096128567,0.76847829133956402,0.58520180618728290,0.33291367808723488,0.11050281050444173,0.02565879160596605,0.00780275420038053,0.01055178258291268,0.01187273148824610,0.00054628171902520
ackley	8192	66.63835156250000580	3.15611659895887620	1.64065412279721956	-0.03980953532666653,0.00574643099330998,-0.04125079202148951,-0.01540712529526279,-0.01714069755234912,0.84913982689305623,0.01606937509381723,0.02052118853478618,-0.88362897936620621,-0.01502528605302992,0.03150817614660337,0.01017515171361984,0.01041154910082808,0.02819898921886192,0.92687987797976390,0.03622402171357633,-0.92308821987974521,0.01982839656813578,-0.04160762854178295,0.93193361537169717,-0.01066737584958544,0.86437180430800997,-0.03956614690823822,0.92293656278585123,-0.00826940057428352,-0.90996503281557450,-0.86671028291703955,-0.94532867297737921,0.05451492878727369,0.03278267084931683,-0.00238033155151175,0.03149475774287096,-0.06465362898783064,-0.03191175280153428,-0.00570444504651668,-0.03740675536318917,-0.00417534208965648,0.02808239813556798,0.03817229895984743,-0.00570175252565409,-0.03435648589012241,0.01159507966331728,0.03749041257232417,0.02960796476625586,-0.02698426370977784,0.04206780356170408,-0.02287360099906839,0.03983098780733101,-0.00777815099411974,0.92961577044313692,0.03960835963570897,0.94905247799425840,0.02331661595370013,0.05351229235486396,0.01282852987507319,-0.03299872759751420,-0.00531460645220540,-0.03572649783180698,0.01102835839176721,-0.00824806856493495,-0.00825971576077321,0.01719239224485241,-0.02262219007386701,0.00738971463877661
rastrigin	8192	118.89828124999999659	7.64239859651970743	58.70254801703262615	-1.98995205727589486,-0.00000531433224638,-0.00000087738510952,0.99496334807619757,-0.99496094909024091,-0.99495187431142418,0.00000246840978067,-0.00000166191571808,-0.00000056435358747,0.99495521800207765,0.00000142628487460,-0.99495717894344682,0.99495971125312466,0.00000068112087586,1.98992567509067486,-0.99495362940509469,0.00000059701546660,-0.99495678141900890,0.99495437390977126,0.99495369869077177,-0.99496164310593316,0.00000238973979579,-0.99496235275267353,-0.99495862075384711,-0.99496277038488068,-1.98989316436097208,-0.00000063181329440,-0.99495495530787426,-0.00000291186517338,-0.99495965870322067,-0.99494211221052575,0.00000436615482327,0.00000041491001562,-0.00000037864807469,0.00000530711076970,-0.00000539460292418,-0.00000258677209416,0.99495343368831191,-0.00000055073567167,-0.99494494251931143,-0.99495804754929706,1.98987448014979407,0.99495456592966236,-0.00000050799395990,0.99494913505435534,0.99495973378457159,0.00000247271392313,0.00000319641116059,0.99495618360923577,-0.99496610210410741,-0.00000124095369152,-0.00000384455535406,0.99495706582036836,0.99495545901583160,0.99495318120244192,-1.98990507784932635,1.98990939430290803,-0.00000062947726712,0.99497145857725389,0.00000779140840648,-0.99495144483138431,-0.00000032793824924,-0.99495805360209477,-1.98990004949650823
rosenbrock	32768	525.28043749999994816	2.52405092695082978	5.44422208809142472	0.99944329407111032,0.99958053070103825,1.00004982855314251,1.00056318469940675,1.00146675750091307,0.99966633471703270,1.00061012122507753,1.00020367490262885,0.99948737051056791,0.99984184690777733,0.99934801949187158,0.99984890198511278,0.99977888581787866,0.99994966637695615,1.00017608596525243,1.00063533970653884,0.99977744823574155,0.99940375005632509,1.00056581708634296,0.99928121378160284,0.99944575579965023,0.99891631207329779,0.99990442578515570,1.00000986463902586,0.99993440945017631,1.00054360658804176,1.00042904463520443,0.99931294721414954,0.99900407874171671,0.99755936540295975,0.99804951292786148,0.99755287438254125,1.00027499315507606,1.00112389320781237,1.00171454538517124,1.00095833890871244,0.99919904155900330,0.99966186883171582,0.99988524674401391,0.99961065062710730,1.00062950383239779,0.99983549729983678,0.99991254183634604,1.00023065181126736,0.99924179469818808,1.00007812001907137,0.99844700436400602,0.99827883578188292,0.99789062486798297,0.99649692515080501,0.99282018148508100,0.98533247218966014,0.96918601296193985,0.93601608813101811,0.87553268096128567,0.76847829133956402,0.58520180618728290,0.33291367808723488,0.11050281050444173,0.02565879160596605,0.00780275420038053,0.01055178258291268,0.01187273148824610,0.00054628171902520
ackley	32768	208.20853124999999295	3.15611659895887620	1.64065412279721956	-0.03980953532666653,0.00574643099330998,-0.04125079202148951,-0.01540712529526279,-0.01714069755234912,0.84913982689305623,0.01606937509381723,0.02052118853478618,-0.88362897936620621,-0.01502528605302992,0.03150817614660337,0.01017515171361984,0.01041154910082808,0.02819898921886192,0.92687987797976390,0.03622402171357633,-0.92308821987974521,0.01982839656813578,-0.04160762854178295,0.93193361537169717,-0.01066737584958544,0.86437180430800997,-0.03956614690823822,0.92293656278585123,-0.00826940057428352,-0.90996503281557450,-0.86671028291703955,-0.94532867297737921,0.05451492878727369,0.03278267084931683,-0.00238033155151175,0.03149475774287096,-0.06465362898783064,-0.03191175280153428,-0.00570444504651668,-0.03740675536318917,-0.00417534208965648,0.02808239813556798,0.03817229895984743,-0.00570175252565409,-0.03435648589012241,0.01159507966331728,0.03749041257232417,0.02960796476625586,-0.02698426370977784,0.04206780356170408,-0.02287360099906839,0.03983098780733101,-0.00777815099411974,0.92961577044313692,0.03960835963570897,0.94905247799425840,0.02331661595370013,0.05351229235486396,0.01282852987507319,-0.03299872759751420,-0.00531460645220540,-0.03572649783180698,0.01102835839176721,-0.00824806856493495,-0.00825971576077321,0.01719239224485241,-0.02262219007386701,0.00738971463877661
rastrigin	32768	332.85887500000001182	7.57736613140475779	57.70758776653572397	-0.00000615731264933,0.99495941788536946,0.00000682801596697,-0.99494748050274795,0.99496158618382768,0.99493404147972309,0.99494868222832922,-0.99494960244488928,0.99495774109007773,0.00001342102170859,0.00000967743516378,0.00000666449607305,-1.98991543357508416,-1.98991849188582726,0.99495516589498012,-0.00000645490092874,0.00000491023053324,0.99496113634095984,0.00001028824936928,0.99495339732510302,0.99495688509475244,-0.00000120772432675,0.00000327198744251,-0.99494339930885856,-0.00000031196757215,-0.00000040519242177,-0.00000078938178087,0.00000066538724555,-0.00000052668917103,-0.99493741289473836,0.99496181472850365,-0.00001022477240492,-0.00001205697396177,-1.98992365788947367,0.00000674994963650,-0.00001021841749694,-0.99496213301502012,-0.00000273384549238,0.00000005106940979,-1.98993171276706349,1.98994164100167992,0.00000817588494312,-0.99496263577337918,0.00000883192812268,-0.99495431551612767,0.00000066265986410,0.99496093568026200,-0.00000359757797597,-0.99494764710775607,-0.99495487170697561,-0.00000442798405242,-0.99495010711048448,0.99496864234919247,0.99495053883835749,-0.99495862102182786,-1.98989843358653262,-0.99496461430629957,-0.99494458167332989,-0.00000100535988493,0.99494851639954840,-0.99496448914376878,0.99494868123764757,-1.98991275269055490,0.99494785329932289
rosenbrock	131072	2074.64162500000020373	2.52405092695082978	5.44422208809142472	0.99944329407111032,0.99958053070103825,1.00004982855314251,1.00056318469940675,1.00146675750091307,0.99966633471703270,1.00061012122507753,1.00020367490262885,0.99948737051056791,0.99984184690777733,0.99934801949187158,0.99984890198511278,0.99977888581787866,0.99994966637695615,1.00017608596525243,1.00063533970653884,0.99977744823574155,0.99940375005632509,1.00056581708634296,0.99928121378160284,0.99944575579965023,0.99891631207329779,0.99990442578515570,1.00000986463902586,0.99993440945017631,1.00054360658804176,1.00042904463520443,0.99931294721414954,0.99900407874171671,0.99755936540295975,0.99804951292786148,0.99755287438254125,1.00027499315507606,1.00112389320781237,1.00171454538517124,1.00095833890871244,0.99919904155900330,0.99966186883171582,0.99988524674401391,0.99961065062710730,1.00062950383239779,0.99983549729983678,0.99991254183634604,1.00023065181126736,0.99924179469818808,1.00007812001907137,0.99844700436400602,0.99827883578188292,0.99789062486798297,0.99649692515080501,0.99282018148508100,0.98533247218966014,0.96918601296193985,0.93601608813101811,0.87553268096128567,0.76847829133956402,0.58520180618728290,0.33291367808723488,0.11050281050444173,0.02565879160596605,0.00780275420038053,0.01055178258291268,0.01187273148824610,0.00054628171902520
ackley	131072	706.17581250000000637	2.53733562143820990	1.29944313866912653	-0.00574878031195571,0.00443084577682023,0.01336900969959911,0.00710514646168456,-0.00413427857134903,-0.00461174152672010,0.00392773285678550,0.89052753996825129,0.00672476297018899,0.00420876687030687,-0.00700904198661516,0.00353467884162512,0.00454693838365919,-0.89757530079530157,0.00892125197423688,-0.00863489678312502,0.00838868013049453,0.00031288410032471,0.00301580005557610,-0.00769637274912883,0.00446732601032043,-0.00548813126759585,-0.90708294734398220,0.00209410784638725,-0.01226326258633376,0.00595034849144817,-0.90079951039953710,0.90000217870511723,-0.00771967253565648,-0.00445676417285136,0.00772999994306104,0.00696890715823195,0.00746806776359868,0.00134248821333305,0.00865278133911090,-0.00251201841112960,-0.00520038903433389,-0.89873894776577912,0.00259875716809042,-0.00837118580032413,-0.00200456916785958,-0.00458336672946493,-0.00041029322168278,0.89700439804665344,0.00104600372244284,-0.00070215029506603,0.00626922337391240,0.00486218924167559,-0.01071662362487856,0.00198293086666281,-0.00499508908566785,0.88339963324475745,0.00144625821655360,0.00450795589702736,-0.01749774098601540,-0.00361781914530807,-0.00454406193492468,0.00303357821588150,0.00775543347693463,0.01111518620404718,0.00807369362794439,-0.00453203500937402,0.00827722482124244,0.00415393148107972
rastrigin	131072	1264.17325000000005275	7.37879812905095722	54.72272074156300903	-0.99496332789324571,-0.99496582210098028,0.99494850218019470,-0.00000715814630233,-0.99496910365942370,-0.99494893701410503,-1.98992492468832483,-0.99496105828521331,-0.00000259518656535,0.99497339932796858,-0.00000984775462476,0.00000694923557062,-0.99495913938047520,-1.98989745462814427,0.99495909084729406,-0.00000782957342913,-0.99495799657612338,0.00000021743785880,-0.99496491028430911,-0.00000272428243783,-0.00000237374724689,-0.99494912303187444,-0.99494648109016071,0.99495105190065702,0.00000478487929661,-0.00000149332656421,0.00000096767935404,-0.99496063417650460,-0.99495270018892867,-0.99496065017531832,-1.98989698123737524,0.99496690443176006,-0.00000819699503646,0.99495770590687760,-0.99497321643943049,0.00000518021344354,0.00000871638495484,0.99495154923835494,-0.99495349126554966,-0.99495937090284914,0.00000029632754180,-0.00000040228398271,-0.00000869909374930,-0.99496718884277924,0.99497313598946002,0.00000522667521244,0.00000700795015903,-0.99496430954184745,-0.99496372051640058,0.99496105887231523,-0.99495533236511746,1.98990082562685067,1.98989570322929121,-0.00000306910290216,-0.99496037837345097,-0.00000811045900802,0.00000880192287023,-0.99494353282709347,0.99496229692296978,0.00000668000230531,-0.99497239229313927,-0.00000900044623307,0.99495527614774637,-0.99496695115115341
rosenbrock	524288	8182.44750000000021828	1.45159172296710492	1.29446625333732679	1.00251961157408687,1.00516829229686477,1.00350080025097754,1.00503331427382614,1.00224979425531879,0.99955508240165336,1.00144432119598092,1.00050796060094704,1.00033146142533225,0.99926553466213941,0.99948565948403378,1.00239470208494574,1.00503565793773308,1.00328264312837678,1.00174284310996176,1.00035834155506076,1.00347061067271537,1.00083485574827402,1.00203580847081719,1.00394516762580399,1.00369018834545121,1.00178827399409842,1.00138871617578729,0.99833574881608556,0.99621549636265661,0.99853401744535419,0.99611735085367514,0.99693949097033552,0.99662145522840639,0.99814180146752596,0.99739653727140398,0.99830905876380915,1.00038210542045714,1.00063100329242327,0.99986892840613617,0.99986266077410690,0.99953094657092734,0.99689381684370937,0.99859098854970529,1.00096103691896077,1.00108410604864906,1.00046117813893121,0.99970954919046751,1.00482707219266731,0.99823153971731837,1.00107351532453293,1.00068983309847925,0.99927709673738740,0.99962273384289835,0.99898868432253829,1.00016660497238918,1.00107327242582178,1.00026876664275211,0.99786926134745868,0.99493502368327302,0.98884819367408050,0.97805819365067914,0.95417051732913594,0.90513820145138768,0.81227990146757234,0.64728609958550354,0.41558873942950814,0.18058286567513279,0.03954847797888321
ackley	524288	2739.92450000000008004	1.61346686578148080	0.89906562319123440	0.00008448529634253,-0.00002855105056231,-0.80668105852122141,0.00001711239051530,-0.00002287099615544,-0.00002875928726888,-0.00000393150417434,0.00007831647223604,-0.80670723903926489,-0.00005759720792442,0.00004243335126706,0.00004005640528895,-0.00007936554904039,0.00002765030096573,-0.00005367180928149,-0.00002391217922891,-0.00009343924959035,-0.80675496255592594,0.00002518100384182,0.00000254270878470,0.00007761120088193,0.00000655839043750,0.00001905311873628,0.00001807270197894,0.00004546265062180,0.00004315239962398,0.00000922969192295,-0.00005266497044687,-0.00002938732929133,-0.00001779719907214,0.00002631403655281,0.00000774031294014,0.00009348508488010,-0.00004918396111591,-0.00001937022235068,-0.00000055085610083,0.00002747797916837,0.00002857716305261,0.00002782730800785,0.00002984591999452,0.00009294444175257,0.00005419987628194,0.00002670147558232,-0.00002698364543979,-0.00002070003543679,-0.00007452386953764,-0.00001628886262907,-0.00003992736014590,0.00004457562198030,-0.00006174526369392,0.00003248110992736,-0.00002262620921426,-0.00007417994958705,-0.00002756239196860,-0.00002886502158842,0.00002283279903895,-0.00007445486610300,0.00007837630499571,0.00002454176765156,-0.00007496428675697,0.00005904672685296,0.80679038462472863,-0.00003903362818311,-0.00003980861834188
rastrigin	524288	4872.40149999999994179	7.10541474645960935	50.74287894526489140	-0.00000276063733600,0.99497450228619266,0.00000109645899314,-0.00000028376461892,0.00000130521771300,-0.00000116284500684,0.99496333932059966,0.99496016394519582,-0.00000289111565820,-0.99497661624808365,-0.99495694373097987,-0.99497002132179901,0.99496029796660901,0.00000286289820720,-0.99495970480499663,-0.99497502359182199,0.99496086154869767,1.98990744460013214,0.00000037281429061,0.99495938621407065,0.00000047225685175,0.00000100971503038,-0.00000147138491948,-0.00000191950763457,1.98990641564269888,-0.00000240488568598,0.99495870583491830,-0.00000051624659678,0.99496304923083689,-0.99495757492910508,0.00000379280760501,-0.99496329000545092,0.00000164310818232,0.99497269330078031,0.00000235533438649,-0.99495461648273520,-0.99495900686554528,-0.99496461222690269,-0.99494837087139765,0.00000402194814439,-0.00000072945455087,-0.00000014788159035,-0.99495887943819328,-1.98991744347041633,0.00000091458781664,-0.00000064362113477,0.00000208436546836,-1.98991081360826261,-0.00000149265322245,0.99496147271429780,-0.99493591020976557,-0.00000084190600867,0.00000204726047448,0.00000097372229138,0.99496423738860318,0.99494246440592704,0.99495231018690511,-0.99494667339958309,0.00000166645747370,0.00000686327254607,-0.00000289624719216,-1.98990733615564785,-1.98989561494565703,0.00000022903523376
ackley	2097152	10900.77299999999922875	0.00000436454544789	0.00000218228857607	0.00000070659271661,-0.00000041606058517,-0.00000020103729489,-0.00000055109173744,-0.00000009501128733,0.00000022505121839,-0.00000014084824352,-0.00000042033321976,0.00000151759321908,-0.00000006401777630,-0.00000132565535389,-0.00000042791598403,-0.00000050997845408,0.00000052737535513,0.00000039506099724,0.00000089148529347,0.00000006506119413,0.00000045505457197,0.00000003175070357,-0.00000008563495070,0.00000080612294724,0.00000024917635727,-0.00000011146548894,0.00000009049872626,0.00000022643703036,-0.00000027085332425,0.00000061173665236,0.00000023871019217,0.00000009517602517,-0.00000090709288103,0.00000003495639191,-0.00000012743493627,0.00000034080163836,0.00000017855997183,-0.00000007564862173,0.00000009753529021,0.00000004698716481,-0.00000029918053532,-0.00000007720460699,-0.00000013705808431,0.00000082204080470,-0.00000059389658775,-0.00000005025011166,-0.00000009289673161,-0.00000105999101355,0.00000075771712636,0.00000004386196640,-0.00000002508800949,-0.00000177345799890,-0.00000011696441126,0.00000017594999126,-0.00000065760542642,0.00000061643603663,0.00000008267014971,0.00000104507032024,-0.00000002739367828,-0.00000005743590114,-0.00000085052115591,-0.00000042222202151,-0.00000018182289478,-0.00000009892519453,0.00000075550933802,-0.00000019125136563,-0.00000007576940987
rastrigin	2097152	18775.86600000000180444	6.74813194985049947	45.76809783902112372	-0.99495942879253219,0.99495617715363138,-0.00000075588823867,-0.99495944941369130,0.00000049556197670,0.99495653472180889,-0.00000189854428632,-0.99495503025016396,0.99496060167113953,-0.00000022162789033,-0.00000179816186133,-0.00000136916827781,0.99495941363542761,0.00000107901030018,-0.99495899026301060,0.99495799811880703,-0.99495979199256313,0.99495983110939989,0.00000057351769623,0.00000077697328277,0.99495985778355234,-0.99495928047110582,0.99495999423040693,0.00000054908519082,0.00000098920885187,0.00000158673262338,0.00000081011973375,-0.99495900384050440,-0.00000271189826281,0.99496021926999245,0.00000096566033842,0.00000098800435274,0.99495822145092350,0.00000017464026304,-0.99495823111411508,1.98990740140268985,-0.99495716183189109,-1.98991558823920278,-0.99495802405333844,-0.99495888216962891,-0.99495819283893272,-0.99495871205916753,-0.99496036278704969,0.00000019474806218,-0.00000060790221551,-0.00000207293715617,0.99495353536291375,-0.99495841687550279,-0.00000076035234030,0.99495918143545414,0.99495915388795286,0.99495806801694353,-0.00000112710247527,0.00000045368043114,-0.99495865419825336,0.99495926803884316,-0.00000023610741754,0.00000116219389625,0.99495818236566658,0.00000046250275251,-0.99495940837234831,-0.00000060336481609,-1.98991069287577838,0.99495702883435533
ackley	8388608	104890.72800000000279397	0.00000137376543169	0.00000068688428501	-0.00000006674999147,0.00000016863014517,0.00000018701423234,0.00000001389040789,-0.00000006723179585,-0.00000007835153526,0.00000018709110971,0.00000006256817891,-0.00000014804084566,0.00000011039580451,-0.00000020991683104,0.00000016548325065,-0.00000005211584721,-0.00000008171466474,-0.00000010590093582,0.00000013730123937,-0.00000021259175009,0.00000001470150424,-0.00000013461705578,0.00000020003657009,-0.00000003618804779,0.00000000813432210,0.00000004542748343,0.00000013693691069,0.00000012359378682,0.00000000855390246,-0.00000005409943452,0.00000013135165923,-0.00000008778770990,0.00000007251797196,0.00000060405046300,-0.00000008521279615,0.00000002365258826,-0.00000006106321026,-0.00000006551587581,-0.00000013684201436,-0.00000026036356437,-0.00000001789659398,-0.00000004048222753,0.00000019548206086,-0.00000021812888238,0.00000026181290476,-0.00000008851516231,0.00000008069327078,-0.00000000353895909,0.00000000755063514,-0.00000019852871728,0.00000004175540694,-0.00000011099710463,-0.00000004912267102,-0.00000013935349886,-0.00000039027628354,0.00000051269513481,-0.00000028727260181,0.00000016175628287,0.00000010673814707,0.00000023515657100,-0.00000010776469456,-0.00000007921076923,-0.00000016117857446,-0.00000008834538015,0.00000030524851123,0.00000000058147955,-0.00000004110124371
rastrigin	8388608	150067.82399999999324791	6.67438617982930271	44.77314055423886430	0.99495795597459036,0.00000067847757463,0.00000067490303563,0.99495694778029775,-0.99495204266342896,-0.99495925878378300,0.99495289178390811,0.99496091023926014,0.00000187807867255,0.99495555857795059,-0.99495601880686901,0.99495865635412484,-0.99496509715224979,0.00000069355613209,-1.98991209852906170,-0.00000114987150369,0.99495976875710945,0.99496938768693877,1.98991156239220390,0.00000008748861240,0.00000012523859705,0.99496243195175949,-0.00000078678313805,0.00000050952917847,0.00000187704380752,0.99496083482159725,0.99495825562085638,-0.00000330241344815,0.00000067442850055,-0.00000036576743626,-0.99496577209968884,0.99496766718682228,-0.00000081034948824,0.99496720326134891,0.99495900694512152,-0.00000058322775494,-0.99495826945970756,-0.99494988485263380,0.00000213676624909,0.00000031602142560,0.00000074590401223,-0.99496825370363839,-0.99494483414890678,0.00000001875655907,0.00000057811224627,-0.00000053245830993,0.00000044529981342,-0.00000184283043264,-0.00000010139164863,-0.99496001699999970,-0.99495035967677325,0.00000032727599926,0.99495521966011879,-0.00000266121126327,-0.99496337512834276,-0.99496399379038813,0.99496671228403955,0.00000114301409939,1.98991253717676586,0.99495763205668541,-0.99496895115149897,-0.00000056318917647,0.99496175565945078,-0.99495629668657326
rosenbrock	8388608	176363.55199999999604188	0.45396312962352686	0.06254100104314615	0.99987207952304413,0.99990817019014366,0.99999739700951462,0.99989055004689542,0.99974636370617753,0.99998364054472089,0.99974750955269487,0.99990431500605892,1.00006316788324301,1.00001973604902128,0.99996962684137658,0.99988003135517733,0.99991433113645722,1.00028157876772261,1.00022059928215801,1.00017589047606026,1.00025290463446970,1.00020088887902014,0.99998906901928497,1.00013252467576708,1.00014076843256206,1.00017764261776110,1.00018553171875602,1.00037487518610968,1.00025764024493458,1.00024775108507424,1.00024524273317517,1.00004447274968022,1.00001685047667910,1.00002754859281229,0.99977972772744805,0.99998308097610489,1.00018586758113037,1.00010487174848084,1.00006930712185405,0.99999332181903355,1.00006019117366041,1.00034446839696489,1.00030861599848886,1.00029690568920127,1.00004238613927132,1.00044438568696381,1.00040448628529255,1.00035722080226952,1.00037379655118763,1.00020429951075052,0.99982933903666393,0.99967704839707117,0.99989379172191095,0.99985953047564879,0.99983402828543677,0.99983754444700501,0.99984526631721016,0.99942037950252294,0.99889271084849651,0.99815720667298091,0.99642937673678023,0.99276408156523832,0.98570201525056056,0.97109163069034721,0.94282960328292342,0.88796330717429328,0.78815393462860450,0.62017019304476617
