fun	idx	status	iter	fval	norm	coord_0	coord_1
rastrigin	0	0	10000	4.97479	7.92698e-05	1.98991	0.994959
rastrigin	1	0	10000	9.94956	0.00642009	0.994973	2.98485
rastrigin	2	0	10000	19.8991	0.00202758	-3.97978	1.98992
rastrigin	3	0	10000	8.9546	0.00655132	2.98487	-1.00495e-05
rastrigin	4	0	10000	8.9546	4.24132e-05	1.23118e-08	-2.98486
rastrigin	5	0	10000	12.9344	4.90921e-05	-1.98991	-2.98486
rastrigin	6	0	10000	25.8687	3.67938e-05	-4.97469	0.994959
rastrigin	7	0	10000	15.9192	4.14869e-05	2.98335e-10	3.97978
rastrigin	8	0	10000	25.8687	3.68082e-05	-4.97469	0.994959
rastrigin	9	0	10000	8.9546	4.24612e-05	-1.33222e-08	2.98486
rastrigin	10	0	10000	24.8737	3.60268e-05	2.00662e-08	-4.97469
rastrigin	11	0	10000	25.8687	8.5073e-05	-0.994959	-4.97469
rastrigin	12	0	10000	8.9546	6.57576e-05	-2.98486	-1.27243e-07
rastrigin	13	0	10000	16.9142	0.00960796	0.994947	3.97981
rastrigin	14	0	10000	8.9546	0.000409963	-7.50839e-07	-2.98486
rastrigin	15	0	10000	19.8991	0.0182423	1.98995	3.97981
rastrigin	16	0	10000	4.97479	3.96443e-05	0.994959	-1.98991
rastrigin	17	0	10000	1.11733e-12	0.000419343	-2.02782e-07	1.03722e-06
rastrigin	18	0	10000	4.97479	0.00925915	0.994982	1.98991
rastrigin	19	0	10000	16.9142	0.000557522	-0.994959	-3.97978
rastrigin	20	0	10000	9.94956	4.62616e-05	2.98486	0.994959
rastrigin	21	0	10000	33.8283	5.49887e-05	4.97469	-2.98486
rastrigin	22	0	10000	8.9546	0.000162625	3.25269e-08	2.98486
rastrigin	23	0	10000	3.97983	4.22329e-05	1.98991	8.48738e-08
rastrigin	24	0	10000	8.9546	0.00083939	2.98486	1.99286e-06
rastrigin	25	0	10000	19.8991	4.85584e-05	-3.97978	1.98991
rastrigin	26	0	10000	12.9344	0.00107833	-1.98991	2.98486
rastrigin	27	0	10000	9.94956	4.35408e-05	2.98486	-0.994959
rastrigin	28	0	10000	17.9092	0.000520501	2.98485	2.98486
rastrigin	29	0	10000	24.8738	0.0116208	3.97976	2.98483
rastrigin	30	0	10000	33.8283	5.49051e-05	-4.97469	2.98486
rastrigin	31	0	10000	33.8283	0.000200866	-2.98486	-4.97469
rastrigin	32	0	10000	28.8536	4.32506e-05	-4.97469	-1.98991
rastrigin	33	0	10000	25.8687	0.000189519	-0.994958	-4.97469
rastrigin	34	0	10000	12.9344	5.46249e-05	2.98486	-1.98991
rastrigin	35	0	10000	17.9092	8.83423e-05	-2.98486	2.98486
rastrigin	36	0	10000	3.97983	0.000937623	-1.9737e-06	-1.98991
rastrigin	37	0	10000	15.9192	0.000255424	3.97978	-6.35187e-07
rastrigin	38	0	10000	24.8737	9.76471e-05	1.24342e-07	4.97469
rastrigin	39	0	10000	4.97479	0.00235571	-1.98992	0.994962
rastrigin	40	0	10000	31.8385	0.000166309	-3.97978	-3.97978
rastrigin	41	0	10000	8.9546	0.000461885	-3.71317e-07	-2.98485
rastrigin	42	0	10000	17.9092	0.00017969	2.98486	-2.98486
rastrigin	43	0	10000	28.8536	4.94564e-05	4.97469	1.98991
rastrigin	44	0	10000	40.793	0.00103465	-4.97469	-3.97978
rastrigin	45	0	10000	9.94956	0.000555489	-2.98485	0.994959
rastrigin	46	0	10000	17.9092	0.012479	-2.98483	2.98484
rastrigin	47	0	10000	19.8991	9.49778e-05	-1.98991	-3.97978
rastrigin	48	0	10000	9.94956	4.35364e-05	2.98486	0.994959
rastrigin	49	0	10000	4.97479	0.000544362	1.98991	0.994959
rastrigin	50	0	10000	4.97479	0.00566047	-1.9899	0.994965
rastrigin	51	0	10000	1.98992	7.36777e-05	0.994959	-0.994959
rastrigin	52	0	10000	40.793	0.000625999	3.97978	-4.97469
rastrigin	53	0	10000	24.8738	5.91464e-05	-3.97978	2.98486
rastrigin	54	0	10000	4.97479	0.00239824	-0.99496	-1.98992
rastrigin	55	0	10000	19.8991	5.41095e-05	-3.97978	-1.98991
rastrigin	56	0	10000	33.8283	0.0250905	2.98484	-4.97463
rastrigin	57	0	10000	19.8991	0.000388096	3.97978	1.98991
rastrigin	58	0	10000	1.98992	0.00131423	0.994959	-0.994955
rastrigin	59	0	10000	4.97479	3.96347e-05	0.994959	1.98991
rastrigin	60	0	10000	9.94956	0.000321575	2.98485	0.994958
rastrigin	61	0	10000	1.98992	2.20111e-05	-0.994959	-0.994959
rastrigin	62	0	10000	4.97479	0.000835442	1.98991	-0.99496
rastrigin	63	0	10000	12.9344	4.91346e-05	-1.98991	-2.98486
rastrigin	64	0	10000	25.8687	8.64879e-05	4.97469	0.994959
rastrigin	65	0	10000	24.8738	5.91617e-05	3.97978	2.98486
rastrigin	66	0	10000	16.9142	0.00931623	0.994977	-3.9798
rastrigin	67	0	10000	33.8283	5.49047e-05	-2.98486	-4.97469
rastrigin	68	0	10000	9.94956	4.62572e-05	2.98486	0.994959
rastrigin	69	0	10000	1.6934e-10	0.00516337	-1.2898e-05	1.72683e-06
rastrigin	70	0	10000	17.9092	5.9856e-05	-2.98486	-2.98486
rastrigin	71	0	10000	24.8738	0.000179871	2.98486	-3.97978
rastrigin	72	0	10000	8.9546	0.00016221	1.41664e-08	-2.98486
rastrigin	73	0	10000	28.8536	4.32798e-05	-1.98991	-4.97469
rastrigin	74	0	10000	28.8536	0.00677184	-4.97469	1.98993
rastrigin	75	0	10000	24.8738	0.00114504	2.98486	3.97978
rastrigin	76	0	10000	24.8737	0.00341389	1.19939e-10	-4.97468
rastrigin	77	0	10000	7.95966	0.0180346	-1.98987	-1.9899
rastrigin	78	0	10000	16.9142	0.000134369	-0.994958	-3.97978
rastrigin	79	0	10000	7.95966	0.00025744	-1.98991	1.98991
rastrigin	80	0	10000	40.793	0.00627108	3.97979	4.97468
rastrigin	81	0	10000	16.9142	0.00609549	-3.97977	0.994966
rastrigin	82	0	10000	40.793	0.0206659	3.97974	-4.97466
rastrigin	83	0	10000	12.9344	0.000832138	2.98486	-1.98991
rastrigin	84	0	10000	24.8738	0.000201889	-2.98486	-3.97978
rastrigin	85	0	10000	7.95966	0.000304023	-1.98991	1.98991
rastrigin	86	0	10000	49.7474	0.00131415	4.97469	4.97469
rastrigin	87	0	10000	9.94956	0.000263423	-0.994958	2.98486
rastrigin	88	0	10000	4.97479	3.96813e-05	1.98991	-0.994959
rastrigin	89	0	10000	1.98992	2.19704e-05	0.994959	-0.994959
rastrigin	90	0	10000	4.97479	0.000327574	1.98991	-0.994959
rastrigin	91	0	10000	40.793	0.000164903	-4.97469	3.97978
rastrigin	92	0	10000	0.994959	0.000137586	-0.994959	-3.43383e-07
rastrigin	93	0	10000	51.7372	0.00075239	-5.96957	-3.97979
rastrigin	94	0	10000	25.8687	3.67948e-05	0.994959	4.97469
rastrigin	95	0	10000	40.793	0.00527474	3.97977	-4.97468
rastrigin	96	0	10000	17.9092	0.000356586	2.98485	2.98486
rastrigin	97	0	10000	8.9546	0.00441738	-6.9985e-06	2.98485
rastrigin	98	0	10000	8.9546	0.000197828	-2.98486	-2.16935e-09
rastrigin	99	0	10000	12.9344	4.91009e-05	-2.98486	-1.98991
rastrigin	100	0	10000	12.9344	5.46055e-05	-1.98991	-2.98486
rastrigin	101	0	10000	9.94956	0.000163243	-2.98486	-0.994959
rastrigin	102	0	10000	19.8991	0.0033064	3.97979	-1.98991
rastrigin	103	0	10000	0.994959	0.000670465	1.29171e-06	0.99496
rastrigin	104	0	10000	12.9344	5.46334e-05	-1.98991	2.98486
rastrigin	105	0	10000	9.94956	0.00119743	0.994962	-2.98485
rastrigin	106	0	10000	1.98992	0.0289155	0.995019	-0.994917
rastrigin	107	0	10000	28.8536	0.00508425	-4.9747	-1.98992
rastrigin	108	0	10000	3.97983	8.72437e-05	-1.98991	4.10807e-08
rastrigin	109	0	10000	19.8991	9.51288e-05	3.97978	1.98991
rastrigin	110	0	10000	12.9344	0.0150231	-2.98483	-1.98988
rastrigin	111	0	10000	25.8687	3.67938e-05	4.97469	-0.994959
rastrigin	112	0	10000	12.9344	0.00913501	1.9899	2.98487
rastrigin	113	0	10000	12.9344	0.0221109	2.98491	-1.98991
rastrigin	114	0	10000	4.97479	0.000287568	-0.994958	-1.98991
rastrigin	115	0	10000	7.95966	0.0047739	-1.9899	1.98991
rastrigin	116	0	10000	7.95966	4.30427e-05	1.98991	1.98991
rastrigin	117	0	10000	17.9092	5.96204e-05	-2.98486	2.98486
rastrigin	118	0	10000	19.8991	0.00149684	3.97979	-1.98991
rastrigin	119	0	10000	16.9142	4.5668e-05	0.994959	3.97978
rastrigin	120	0	10000	3.97983	0.000728381	1.64142e-06	1.98991
rastrigin	121	0	10000	1.98992	0.000312388	0.994959	0.994959
rastrigin	122	0	10000	8.9546	4.36613e-05	2.98486	-2.8878e-08
rastrigin	123	0	10000	31.8385	0.000703811	-3.97978	3.97978
rastrigin	124	0	10000	4.97479	3.64108e-05	0.994959	-1.98991
rastrigin	125	0	10000	1.98992	2.70126e-05	0.994959	0.994959
rastrigin	126	0	10000	19.8991	8.54853e-05	3.97978	1.98991
rastrigin	127	0	10000	49.7474	4.97377e-05	4.97469	4.97469
rastrigin	128	0	10000	12.9344	0.0119976	-2.98488	-1.98993
rastrigin	129	0	10000	16.9142	8.23483e-05	0.994959	-3.97978
rastrigin	130	0	10000	4.97479	3.64238e-05	1.98991	-0.994959
rastrigin	131	0	10000	19.8991	4.85695e-05	-3.97978	1.98991
rastrigin	132	0	10000	4.97479	0.00893182	0.994958	-1.98993
rastrigin	133	0	10000	4.97479	0.00124744	-0.994959	1.98991
rastrigin	134	0	10000	40.793	5.45198e-05	3.97978	4.97469
rastrigin	135	0	10000	9.94956	0.00114437	-0.994958	-2.98486
rastrigin	136	0	10000	49.7474	0.00115491	-4.97469	4.97469
rastrigin	137	0	10000	31.8385	0.00307897	3.97978	3.97979
rastrigin	138	0	10000	0.994959	2.33965e-05	-0.994959	3.39829e-08
rastrigin	139	0	10000	19.8991	4.85846e-05	-1.98991	3.97978
rastrigin	140	0	10000	24.8738	0.00577503	-2.98485	3.97977
rastrigin	141	0	10000	4.97479	3.96526e-05	-0.994959	-1.98991
rastrigin	142	0	10000	7.95966	3.59135e-05	1.98991	-1.98991
rastrigin	143	0	10000	24.8737	0.0336805	4.97461	1.66215e-05
rastrigin	144	0	10000	16.9142	0.00246039	-0.994964	-3.97978
rastrigin	145	0	10000	7.95966	0.00587386	1.98991	1.9899
rastrigin	146	0	10000	4.97479	2.77044e-05	-0.994959	-1.98991
rastrigin	147	0	10000	24.8738	8.8112e-05	-3.97978	-2.98486
rastrigin	148	0	10000	16.9142	0.025205	-3.97972	0.994955
rastrigin	149	0	10000	28.8536	0.00260158	1.98991	-4.97469
rastrigin	150	0	10000	40.793	0.000114705	3.97978	-4.97469
rastrigin	151	0	10000	19.8991	5.42686e-05	-1.98991	3.97978
rastrigin	152	0	10000	17.9092	0.00621647	-2.98486	2.98487
rastrigin	153	0	10000	16.9142	4.28983e-05	-0.994959	3.97978
rastrigin	154	0	10000	9.94956	0.0143467	-2.98482	-0.994959
rastrigin	155	0	10000	16.9142	4.29139e-05	3.97978	-0.994959
rastrigin	156	0	10000	9.94956	0.00738341	-2.98484	-0.994962
rastrigin	157	0	10000	19.8991	0.00397119	1.9899	3.97978
rastrigin	158	0	10000	28.8536	0.000718808	4.97469	1.98991
rastrigin	159	0	10000	33.8283	0.000319593	4.97469	-2.98485
rastrigin	160	0	10000	24.8738	0.000324018	3.97978	2.98486
rastrigin	161	0	10000	0.994959	0.000580122	1.46126e-06	-0.994959
rastrigin	162	0	10000	31.8385	5.87323e-05	-3.97978	3.97978
rastrigin	163	0	10000	3.97983	3.47481e-05	-2.18028e-09	-1.98991
rastrigin	164	0	10000	40.793	0.0183235	-3.97981	-4.97473
rastrigin	165	0	10000	24.8738	0.000545871	-3.97978	2.98486
rastrigin	166	0	10000	33.8283	0.00188933	4.97469	2.98485
rastrigin	167	0	10000	4.97479	3.96396e-05	1.98991	-0.994959
rastrigin	168	0	10000	33.8283	0.000159494	-4.97469	-2.98486
rastrigin	169	0	10000	9.94956	4.35411e-05	2.98486	0.994959
rastrigin	170	0	10000	28.8536	4.32843e-05	1.98991	4.97469
rastrigin	171	0	10000	0.994959	8.28336e-05	1.06971e-07	-0.994959
rastrigin	172	0	10000	49.7474	0.000340257	4.97469	4.97469
rastrigin	173	0	10000	12.9344	0.0114486	-1.98988	2.98486
rastrigin	174	0	10000	19.8991	0.00334637	-3.97978	-1.98992
rastrigin	175	0	10000	25.8687	0.000184127	4.97469	0.994959
rastrigin	176	0	10000	3.97983	0.00337495	1.98992	-7.13417e-06
rastrigin	177	0	10000	0.994959	0.000114152	-2.83625e-07	0.994959
rastrigin	178	0	10000	9.94956	0.00256765	-2.98486	0.994958
rastrigin	179	0	10000	19.8991	0.00112076	-3.97978	1.98991
rastrigin	180	0	10000	4.97479	0.00375876	0.994967	-1.98992
rastrigin	181	0	10000	4.97479	0.0205297	-0.994936	-1.98996
rastrigin	182	0	10000	33.8283	8.52196e-05	-4.97469	-2.98486
rastrigin	183	0	10000	7.95966	8.93825e-05	1.98991	1.98991
rastrigin	184	0	10000	8.9546	0.030664	2.98479	-3.5211e-05
rastrigin	185	0	10000	25.8687	0.0220361	-4.97466	0.995005
rastrigin	186	0	10000	19.8991	0.000218913	-1.98991	-3.97978
rastrigin	187	0	10000	4.97479	3.1775e-05	1.98991	0.994959
rastrigin	188	0	10000	33.8283	0.00168813	4.97469	-2.98485
rastrigin	189	0	10000	1.98992	0.00341655	0.994963	0.994966
rastrigin	190	0	10000	16.9142	0.02089	-0.994955	3.97984
rastrigin	191	0	10000	40.793	0.014241	-3.9798	-4.97466
rastrigin	192	0	10000	28.8536	4.94907e-05	4.97469	1.98991
rastrigin	193	0	10000	1.98992	7.19704e-05	0.994959	0.994959
rastrigin	194	0	10000	40.793	0.00171128	-4.97469	3.97979
rastrigin	195	0	10000	8.9546	0.00706347	2.98484	-1.66425e-06
rastrigin	196	0	10000	17.9092	0.000212294	-2.98486	2.98486
rastrigin	197	0	10000	33.8283	0.00660431	4.97468	-2.98486
rastrigin	198	0	10000	12.9344	0.000832201	-2.98486	1.98991
rastrigin	199	0	10000	40.793	0.0017227	-3.97978	-4.97469
rastrigin	200	0	10000	4.97479	3.17186e-05	1.98991	-0.994959
rastrigin	201	0	10000	25.8687	0.00389581	4.97468	0.994963
rastrigin	202	0	10000	9.94956	0.00606328	-2.98486	-0.994944
rastrigin	203	0	10000	1.98992	2.70297e-05	-0.994959	-0.994959
rastrigin	204	0	10000	0.994959	0.00754073	0.994948	1.57795e-05
rastrigin	205	0	10000	9.94956	4.62721e-05	-0.994959	-2.98486
rastrigin	206	0	10000	16.9142	0.00075261	-3.97978	0.99496
rastrigin	207	0	10000	28.8536	4.32404e-05	4.97469	-1.98991
rastrigin	208	0	10000	1.98992	5.28858e-05	0.994959	0.994958
rastrigin	209	0	10000	8.9546	0.00244054	-2.98486	7.66003e-08
rastrigin	210	0	10000	49.7474	4.97039e-05	4.97469	-4.97469
rastrigin	211	0	10000	12.9344	4.90845e-05	2.98486	1.98991
rastrigin	212	0	10000	24.8738	0.00842741	3.9798	-2.98486
rastrigin	213	0	10000	12.9344	0.0116707	-1.98994	-2.98484
rastrigin	214	0	10000	49.7474	0.000313723	4.97469	4.97469
rastrigin	215	0	10000	24.8737	0.00682316	-4.97469	1.69483e-05
rastrigin	216	0	10000	33.8283	5.50509e-05	2.98486	-4.97469
rastrigin	217	0	10000	16.9142	0.000161378	-3.97978	0.994959
rastrigin	218	0	10000	31.8385	0.00798989	3.97979	3.9798
rastrigin	219	0	10000	25.8687	4.00408e-05	0.994959	-4.97469
rastrigin	220	0	10000	49.7474	0.000323111	4.97469	-4.97469
rastrigin	221	0	10000	16.9142	4.56532e-05	-0.994959	-3.97978
rastrigin	222	0	10000	49.7474	0.00688023	4.97471	-4.9747
rastrigin	223	0	10000	25.8687	0.00539633	0.994953	4.97468
rastrigin	224	0	10000	31.8385	8.80109e-05	3.97978	3.97978
rastrigin	225	0	10000	24.8738	0.000179878	2.98486	-3.97978
rastrigin	226	0	10000	3.97983	3.47806e-05	-4.37409e-09	1.98991
rastrigin	227	0	10000	15.9192	4.25482e-05	-3.97978	-2.38024e-08
rastrigin	228	0	10000	9.94956	0.000347045	0.994958	2.98485
rastrigin	229	0	10000	19.8991	0.000115837	-1.98991	3.97978
rastrigin	230	0	10000	40.793	5.45621e-05	-3.97978	4.97469
rastrigin	231	0	10000	25.8687	3.99819e-05	-0.994959	4.97469
rastrigin	232	0	10000	4.97479	0.000610924	-1.98991	-0.994959
rastrigin	233	0	10000	16.9142	0.000174701	3.97978	0.994958
rastrigin	234	0	10000	7.95966	9.23371e-05	1.98991	1.98991
rastrigin	235	0	10000	4.97479	3.64123e-05	-1.98991	0.994959
rastrigin	236	0	10000	1.98992	0.000699617	-0.994959	-0.99496
rastrigin	237	0	10000	0.994959	0.00282462	4.03013e-06	-0.994964
rastrigin	238	0	10000	12.9344	0.00225649	2.98486	1.98992
rastrigin	239	0	10000	17.9092	0.000447582	2.98486	-2.98486
rastrigin	240	0	10000	8.9546	0.00615267	2.98485	-1.2864e-05
rastrigin	241	0	10000	12.9344	8.17357e-05	2.98486	1.98991
rastrigin	242	0	10000	4.97479	0.000213624	1.98991	0.994959
rastrigin	243	0	10000	28.8536	0.000255239	-1.98991	-4.97469
rastrigin	244	0	10000	0.994959	1.91081e-05	-3.55596e-10	0.994959
rastrigin	245	0	10000	16.9142	0.00154813	-3.97979	0.994962
rastrigin	246	0	10000	2.07923e-11	0.00180927	2.38723e-06	-3.88501e-06
rastrigin	247	0	10000	33.8283	0.000159387	-4.97469	2.98486
rastrigin	248	0	10000	9.94956	0.00829716	0.994956	2.98483
rastrigin	249	0	10000	40.793	8.55274e-05	4.97469	-3.97978
rastrigin	250	0	10000	40.793	5.44429e-05	-4.97469	-3.97978
rastrigin	251	0	10000	9.94956	0.0100816	0.994982	-2.98484
rastrigin	252	0	10000	1.98992	5.04652e-05	-0.994959	-0.994959
rastrigin	253	0	10000	8.9546	0.000197804	4.42421e-10	2.98486
rastrigin	254	0	10000	24.8738	0.00759566	-2.98487	3.9798
rastrigin	255	0	10000	40.793	5.45122e-05	4.97469	-3.97978
rastrigin	256	0	10000	19.8991	5.41777e-05	-3.97978	1.98991
rastrigin	257	0	10000	9.94956	4.62527e-05	2.98486	0.994959
rastrigin	258	0	10000	9.94956	0.00025734	-2.98486	-0.994958
rastrigin	259	0	10000	19.8991	0.00127784	3.97979	1.98991
rastrigin	260	0	10000	12.9344	0.00287773	2.98486	-1.98992
rastrigin	261	0	10000	24.8738	5.92329e-05	3.97978	-2.98486
rastrigin	262	0	10000	8.9546	0.044395	-2.98475	3.76637e-05
rastrigin	263	0	10000	31.8385	0.010593	-3.97976	3.9798
rastrigin	264	0	10000	40.793	5.4665e-05	3.97978	4.97469
rastrigin	265	0	10000	0.994959	2.7785e-05	-0.994959	-5.08846e-08
rastrigin	266	0	10000	4.97479	0.00011868	-0.994959	-1.98991
rastrigin	267	0	10000	24.8737	0.00365349	-4.97468	2.65958e-07
rastrigin	268	0	10000	15.9192	0.000441269	-1.62458e-07	3.97978
rastrigin	269	0	10000	15.9192	0.00110089	-3.97979	1.17843e-06
rastrigin	270	0	10000	19.8991	0.0108874	1.98992	-3.97981
rastrigin	271	0	10000	4.97479	0.00124142	-0.994961	-1.98991
rastrigin	272	0	10000	0.994959	1.90878e-05	2.03849e-09	0.994959
rastrigin	273	0	10000	4.97479	0.00033376	1.98991	0.994959
rastrigin	274	0	10000	40.793	0.00211136	4.97469	3.97978
rastrigin	275	0	10000	19.8991	4.85934e-05	1.98991	-3.97978
rastrigin	276	0	10000	3.4639e-13	0.000233693	4.40673e-07	-3.90754e-07
rastrigin	277	0	10000	9.94956	0.0117091	0.994959	2.98483
rastrigin	278	0	10000	9.94956	0.00418623	-2.98485	-0.994966
rastrigin	279	0	10000	28.8536	4.94125e-05	-4.97469	-1.98991
rastrigin	280	0	10000	16.9142	8.03346e-05	3.97978	0.994959
rastrigin	281	0	10000	16.9142	6.44029e-05	-0.994959	3.97978
rastrigin	282	0	10000	7.95966	0.00324425	-1.98991	-1.98992
rastrigin	283	0	10000	16.9142	0.0162418	-3.97974	-0.994956
rastrigin	284	0	10000	8.9546	4.21839e-05	2.98486	-5.32614e-09
rastrigin	285	0	10000	0.994959	1.90919e-05	-0.994959	3.48876e-11
rastrigin	286	0	10000	3.97983	0.000268524	1.98991	-4.05632e-07
rastrigin	287	0	10000	1.98992	0.000621234	0.994959	0.994957
rastrigin	288	0	10000	1.98992	2.19945e-05	0.994959	0.994959
rastrigin	289	0	10000	24.8738	0.00286415	-2.98486	-3.97979
rastrigin	290	0	10000	24.8737	0.0003216	4.97469	-1.87452e-08
rastrigin	291	0	10000	12.9344	0.000283765	-1.98991	2.98486
rastrigin	292	0	10000	7.95966	0.00498945	-1.98992	-1.9899
rastrigin	293	0	10000	16.9142	0.000996839	3.97979	-0.994959
rastrigin	294	0	10000	19.8991	0.00622879	-3.97978	1.9899
rastrigin	295	0	10000	16.9142	0.0107558	3.97981	-0.994973
rastrigin	296	0	10000	16.9142	0.000190233	-0.994959	-3.97978
rastrigin	297	0	10000	1.98992	2.70235e-05	-0.994959	0.994959
rastrigin	298	0	10000	28.8536	9.13306e-05	-1.98991	-4.97469
rastrigin	299	0	10000	15.9192	4.14867e-05	3.97978	6.25951e-11
rastrigin	300	0	10000	1.98992	2.20049e-05	0.994959	0.994959
rastrigin	301	0	10000	33.8283	5.49836e-05	2.98486	-4.97469
rastrigin	302	0	10000	17.9092	0.000212433	2.98486	2.98486
rastrigin	303	0	10000	9.94956	8.01582e-05	2.98486	0.994959
rastrigin	304	0	10000	24.8738	8.81835e-05	3.97978	-2.98486
rastrigin	305	0	10000	19.8991	0.00407624	3.97979	-1.98992
rastrigin	306	0	10000	9.94956	4.35302e-05	2.98486	0.994959
rastrigin	307	0	10000	19.8991	0.00343618	-3.97978	1.98991
rastrigin	308	0	10000	40.793	0.000114815	-4.97469	-3.97978
rastrigin	309	0	10000	15.9192	4.15334e-05	-3.97978	4.95888e-09
rastrigin	310	0	10000	24.8738	0.000110073	2.98486	3.97978
rastrigin	311	0	10000	17.9092	0.00981006	2.98488	-2.98485
rastrigin	312	0	10000	19.8991	8.18777e-05	1.98991	3.97978
rastrigin	313	0	10000	4.97479	0.000118737	0.994959	1.98991
rastrigin	314	0	10000	24.8738	0.000679331	3.97979	-2.98485
rastrigin	315	0	10000	7.95966	0.0124795	1.98992	1.98988
rastrigin	316	0	10000	40.793	0.000200605	-4.97469	3.97978
rastrigin	317	0	10000	3.97983	0.00711824	-1.98991	-1.79199e-05
rastrigin	318	0	10000	16.9142	0.000472563	-0.994959	-3.97978
rastrigin	319	0	10000	9.94956	0.000222086	0.994959	-2.98486
rastrigin	320	0	10000	17.9092	8.85332e-05	2.98486	2.98486
rastrigin	321	0	10000	12.9344	0.000702072	2.98486	1.98991
rastrigin	322	0	10000	1.98992	2.69963e-05	0.994959	0.994959
rastrigin	323	0	10000	15.9192	4.14873e-05	-5.35842e-10	3.97978
rastrigin	324	0	10000	12.9344	5.46326e-05	2.98486	1.98991
rastrigin	325	0	10000	4.97479	0.00697044	-0.994949	-1.9899
rastrigin	326	0	10000	28.8536	0.0108594	-1.98991	-4.97472
rastrigin	327	0	10000	0.994959	0.00309179	-5.94782e-06	-0.994964
rastrigin	328	0	10000	1.98992	2.70236e-05	-0.994959	-0.994959
rastrigin	329	0	10000	24.8738	0.00011017	-3.97978	-2.98486
rastrigin	330	0	10000	19.8991	0.00365606	-3.97978	1.98992
rastrigin	331	0	10000	28.8536	4.32906e-05	-1.98991	4.97469
rastrigin	332	0	10000	0.994959	0.00236271	1.29047e-06	0.994953
rastrigin	333	0	10000	1.98992	2.20042e-05	-0.994959	-0.994959
rastrigin	334	0	10000	40.793	5.46332e-05	4.97469	3.97978
rastrigin	335	0	10000	49.7474	4.98751e-05	-4.97469	-4.97469
rastrigin	336	0	10000	16.9142	8.24236e-05	-0.994959	-3.97978
rastrigin	337	0	10000	19.8991	0.000103638	3.97978	-1.98991
rastrigin	338	0	10000	3.97983	0.00122071	-1.98991	-2.30834e-06
rastrigin	339	0	10000	12.9344	5.46065e-05	-2.98486	-1.98991
rastrigin	340	0	10000	16.9142	0.00162765	-3.97979	-0.994962
rastrigin	341	0	10000	1.98992	5.28535e-05	0.994959	-0.994958
rastrigin	342	0	10000	16.9142	0.00111533	3.97979	-0.994957
rastrigin	343	0	10000	9.94956	0.00838691	-0.994967	2.98484
rastrigin	344	0	10000	28.8536	0.00313222	-1.98992	-4.97469
rastrigin	345	0	10000	25.8687	0.0071936	0.994953	-4.97467
rastrigin	346	0	10000	4.97479	3.96203e-05	-0.994959	-1.98991
rastrigin	347	0	10000	24.8738	8.82824e-05	3.97978	-2.98486
rastrigin	348	0	10000	3.97983	3.47373e-05	-3.73699e-11	1.98991
rastrigin	349	0	10000	19.8991	0.00598488	-3.97979	1.9899
rastrigin	350	0	10000	1.49655e-09	0.0153497	3.79231e-05	-7.64083e-06
rastrigin	351	0	10000	24.8738	5.92697e-05	3.97978	2.98486
rastrigin	352	0	10000	12.9344	4.91401e-05	-2.98486	1.98991
rastrigin	353	0	10000	1.35281e-09	0.014594	-2.82282e-05	-2.35793e-05
rastrigin	354	0	10000	31.8385	0.000578958	3.97978	3.97978
rastrigin	355	0	10000	28.8536	4.32672e-05	-4.97469	-1.98991
rastrigin	356	0	10000	24.8738	5.91967e-05	-2.98486	-3.97978
rastrigin	357	0	10000	19.8991	0.00865648	1.98993	-3.9798
rastrigin	358	0	10000	12.9344	8.17468e-05	2.98486	-1.98991
rastrigin	359	0	10000	16.9142	0.00155461	3.97979	0.994956
rastrigin	360	0	10000	19.8991	4.85799e-05	-1.98991	3.97978
rastrigin	361	0	10000	3.97983	0.00524996	1.98991	-1.28645e-05
rastrigin	362	0	10000	3.97983	3.47432e-05	1.98991	1.61336e-09
rastrigin	363	0	10000	24.8738	0.00281908	2.98485	3.97978
rastrigin	364	0	10000	4.97479	0.00460101	-0.994969	1.98991
rastrigin	365	0	10000	49.7474	0.000175242	-4.97469	4.97469
rastrigin	366	0	10000	0.994959	0.00357842	9.00566e-06	0.994959
rastrigin	367	0	10000	0.994959	0.0144003	3.23697e-05	-0.994975
rastrigin	368	0	10000	16.9142	8.95132e-05	-3.97978	-0.994958
rastrigin	369	0	10000	12.9344	5.46069e-05	2.98486	-1.98991
rastrigin	370	0	10000	16.9142	0.000179167	-3.97978	0.994959
rastrigin	371	0	10000	15.9192	0.0280003	3.97974	5.87837e-05
rastrigin	372	0	10000	7.95966	0.000205667	1.98991	-1.98991
rastrigin	373	0	10000	8.9546	4.21357e-05	-1.5996e-09	-2.98486
rastrigin	374	0	10000	0.994959	2.15176e-05	-0.994959	-2.51661e-08
rastrigin	375	0	10000	7.95966	4.91579e-05	-1.98991	1.98991
rastrigin	376	0	10000	12.9344	0.00556133	2.98487	1.98991
rastrigin	377	0	10000	17.9092	0.000212413	2.98486	2.98486
rastrigin	378	0	10000	15.9192	0.0241544	5.39492e-05	-3.97976
rastrigin	379	0	10000	19.8991	5.41106e-05	-3.97978	1.98991
rastrigin	380	0	10000	1.98992	0.000694974	0.994959	-0.994957
rastrigin	381	0	10000	8.9546	0.002082	2.98485	5.05553e-06
rastrigin	382	0	10000	19.8991	5.42207e-05	3.97978	-1.98991
rastrigin	383	0	10000	16.9142	4.56665e-05	-3.97978	-0.994959
rastrigin	384	0	10000	7.95966	4.2962e-05	1.98991	-1.98991
rastrigin	385	0	10000	19.8991	5.41266e-05	-3.97978	-1.98991
rastrigin	386	0	10000	24.8738	0.000561376	2.98486	3.97978
rastrigin	387	0	10000	0.994959	0.00721965	0.994977	-3.10277e-06
rastrigin	388	0	10000	0.994959	2.00992e-05	-1.57809e-08	0.994959
rastrigin	389	0	10000	4.97479	0.00220821	-0.994964	-1.98991
rastrigin	390	0	10000	9.94956	4.62441e-05	-0.994959	2.98486
rastrigin	391	0	10000	16.9142	4.56596e-05	0.994959	3.97978
rastrigin	392	0	10000	49.7474	0.00560064	4.97469	4.9747
rastrigin	393	0	10000	7.95966	4.92596e-05	1.98991	1.98991
rastrigin	394	0	10000	16.9142	0.0140032	-3.97975	0.994964
rastrigin	395	0	10000	1.98992	0.000922444	0.994957	0.994961
rastrigin	396	0	10000	33.8283	0.000734263	4.97469	-2.98486
rastrigin	397	0	10000	12.9344	4.91158e-05	1.98991	2.98486
rastrigin	398	0	10000	12.9344	5.46729e-05	-1.98991	-2.98486
rastrigin	399	0	10000	19.8991	0.00628986	3.97979	1.9899
rastrigin	400	0	10000	2.00743e-10	0.00562179	-1.16184e-05	8.10898e-06
rastrigin	401	0	10000	12.9344	4.91534e-05	-1.98991	-2.98486
rastrigin	402	0	10000	1.98992	0.00288023	0.994952	0.994956
rastrigin	403	0	10000	31.8385	0.000479061	-3.97978	3.97978
rastrigin	404	0	10000	25.8687	0.000203838	0.994959	4.97469
rastrigin	405	0	10000	12.9344	0.00208452	2.98486	-1.98991
rastrigin	406	0	10000	24.8738	5.91794e-05	2.98486	-3.97978
rastrigin	407	0	10000	9.94956	4.3543e-05	0.994959	2.98486
rastrigin	408	0	10000	33.8283	0.00339031	-2.98485	-4.97468
rastrigin	409	0	10000	24.8737	3.51389e-05	-1.12634e-09	4.97469
rastrigin	410	0	10000	28.8536	4.32565e-05	-4.97469	1.98991
rastrigin	411	0	10000	24.8738	0.000110101	3.97978	2.98486
rastrigin	412	0	10000	17.9092	5.97763e-05	-2.98486	-2.98486
rastrigin	413	0	10000	4.97479	8.67057e-05	0.994958	-1.98991
rastrigin	414	0	10000	19.8991	5.41421e-05	3.97978	1.98991
rastrigin	415	0	10000	17.9092	5.96589e-05	2.98486	2.98486
rastrigin	416	0	10000	9.94956	4.35266e-05	2.98486	-0.994959
rastrigin	417	0	10000	16.9142	0.000358277	3.97978	-0.994958
rastrigin	418	0	10000	15.9192	0.00110972	2.42055e-06	-3.97978
rastrigin	419	0	10000	0.994959	2.421e-05	0.994959	3.76091e-08
rastrigin	420	0	10000	0.994959	1.90709e-05	9.7006e-10	-0.994959
rastrigin	421	0	10000	4.97479	3.96761e-05	1.98991	0.994959
rastrigin	422	0	10000	19.8991	8.1912e-05	3.97978	1.98991
rastrigin	423	0	10000	12.9344	0.00593066	-2.98487	1.98991
rastrigin	424	0	10000	4.97479	0.000615627	1.98991	0.994958
rastrigin	425	0	10000	4.97479	0.0028838	0.994963	-1.98991
rastrigin	426	0	10000	7.95966	4.30215e-05	-1.98991	-1.98991
rastrigin	427	0	10000	9.94956	0.000202034	-0.994959	2.98486
rastrigin	428	0	10000	33.8283	0.00355761	4.97468	2.98486
rastrigin	429	0	10000	7.95966	4.29686e-05	1.98991	-1.98991
rastrigin	430	0	10000	3.97983	0.00183884	1.60731e-07	-1.98992
rastrigin	431	0	10000	12.9344	0.00147418	1.98991	2.98486
rastrigin	432	0	10000	17.9092	0.000854875	-2.98486	-2.98485
rastrigin	433	0	10000	4.97479	3.64271e-05	0.994959	-1.98991
rastrigin	434	0	10000	24.8738	0.000166435	2.98486	-3.97978
rastrigin	435	0	10000	8.9546	0.000680207	2.98485	1.60168e-07
rastrigin	436	0	10000	8.9546	4.26485e-05	-2.98486	1.66953e-08
rastrigin	437	0	10000	25.8687	0.00135801	-4.97469	-0.994958
rastrigin	438	0	10000	0.994959	7.35779e-05	-0.994959	-4.74066e-08
rastrigin	439	0	10000	31.8385	5.87726e-05	3.97978	3.97978
rastrigin	440	0	10000	7.95966	0.0089473	1.98989	-1.98991
rastrigin	441	0	10000	9.94956	0.000321549	-2.98485	0.994959
rastrigin	442	0	10000	7.95966	4.29948e-05	1.98991	-1.98991
rastrigin	443	0	10000	3.97983	0.000118117	-2.90686e-07	1.98991
rastrigin	444	0	10000	28.8536	4.94388e-05	4.97469	-1.98991
rastrigin	445	0	10000	24.8738	5.92925e-05	-2.98486	-3.97978
rastrigin	446	0	10000	24.8738	0.000783921	2.98486	-3.97979
rastrigin	447	0	10000	24.8738	5.92668e-05	-3.97978	2.98486
rastrigin	448	0	10000	24.8738	8.84915e-05	3.97978	2.98486
rastrigin	449	0	10000	4.97479	0.000156881	-1.98991	0.994959
rastrigin	450	0	10000	33.8283	0.00126516	-2.98485	4.97469
rastrigin	451	0	10000	19.8991	8.20046e-05	3.97978	1.98991
rastrigin	452	0	10000	40.793	0.000200381	4.97469	-3.97978
rastrigin	453	0	10000	8.9546	4.21333e-05	2.98486	-1.12642e-09
rastrigin	454	0	10000	19.8991	5.41179e-05	3.97978	1.98991
rastrigin	455	0	10000	17.9092	8.83088e-05	-2.98486	-2.98486
rastrigin	456	0	10000	9.94956	0.000340614	-0.994959	-2.98486
rastrigin	457	0	10000	17.9092	0.000512082	2.98485	2.98486
rastrigin	458	0	10000	40.793	0.000206899	-3.97978	4.97469
rastrigin	459	0	10000	15.9192	4.14917e-05	3.97978	1.62671e-09
rastrigin	460	0	10000	40.793	0.0176336	-4.97465	3.97977
rastrigin	461	0	10000	16.9142	0.000162134	3.97978	0.994959
rastrigin	462	0	10000	12.9344	0.012237	-2.98487	1.98988
rastrigin	463	0	10000	44.7726	0.000508196	2.98485	5.96957
rastrigin	464	0	10000	9.94956	0.000494491	-2.98485	0.994958
rastrigin	465	0	10000	33.8283	9.4476e-05	-2.98486	-4.97469
rastrigin	466	0	10000	33.8283	5.50993e-05	4.97469	2.98486
rastrigin	467	0	10000	40.793	5.44332e-05	-4.97469	3.97978
rastrigin	468	0	10000	36.8129	0.000402939	5.96957	-0.994959
rastrigin	469	0	10000	49.7474	4.98443e-05	-4.97469	-4.97469
rastrigin	470	0	10000	1.98992	7.36676e-05	-0.994959	0.994959
rastrigin	471	0	10000	0.994959	2.46127e-05	-3.88413e-08	0.994959
rastrigin	472	0	10000	19.8991	0.000335284	-1.98991	3.97978
rastrigin	473	0	10000	9.94956	4.35331e-05	-2.98486	-0.994959
rastrigin	474	0	10000	12.9344	0.00529093	-2.98487	-1.98991
rastrigin	475	0	10000	7.95966	0.00706762	1.98991	-1.98993
rastrigin	476	0	10000	17.9092	0.00269012	2.98486	2.98486
rastrigin	477	0	10000	16.9142	4.29049e-05	-0.994959	3.97978
rastrigin	478	0	10000	24.8738	0.00533158	-2.98485	-3.97979
rastrigin	479	0	10000	8.9546	0.00404246	-4.24456e-06	-2.98485
rastrigin	480	0	10000	12.9344	5.46346e-05	-1.98991	2.98486
rastrigin	481	0	10000	9.94956	4.35482e-05	-2.98486	0.994959
rastrigin	482	0	10000	12.9344	0.0125698	1.98993	2.98483
rastrigin	483	0	10000	1.98992	2.69944e-05	0.994959	-0.994959
rastrigin	484	0	10000	28.8536	4.95174e-05	4.97469	1.98991
rastrigin	485	0	10000	28.8536	0.00481338	4.9747	1.98991
rastrigin	486	0	10000	19.8991	0.000115738	1.98991	-3.97978
rastrigin	487	0	10000	12.9344	4.90856e-05	2.98486	1.98991
rastrigin	488	0	10000	28.8536	4.94396e-05	4.97469	1.98991
rastrigin	489	0	10000	17.9092	0.00419215	-2.98486	-2.98486
rastrigin	490	0	10000	3.97983	0.00844764	-2.12797e-05	1.98991
rastrigin	491	0	10000	31.8385	0.00749859	3.97978	3.97976
rastrigin	492	0	10000	25.8687	0.0288526	-4.97475	-0.994915
rastrigin	493	0	10000	33.8283	0.0100415	-4.97468	-2.98483
rastrigin	494	0	10000	24.8738	8.85485e-05	2.98486	3.97978
rastrigin	495	0	10000	49.7474	0.00953791	-4.97467	-4.97467
rastrigin	496	0	10000	4.97479	3.18656e-05	0.994959	-1.98991
rastrigin	497	0	10000	25.8687	0.0187593	-0.994921	-4.97472
rastrigin	498	0	10000	33.8283	5.48639e-05	-4.97469	2.98486
rastrigin	499	0	10000	19.8991	8.19951e-05	3.97978	-1.98991
rastrigin	500	0	10000	0.994959	0.000130775	0.994959	-2.76567e-07
rastrigin	501	0	10000	19.8991	0.00071435	3.97978	-1.98991
rastrigin	502	0	10000	12.9344	0.000122803	-1.98991	2.98486
rastrigin	503	0	10000	17.9092	5.96142e-05	2.98486	2.98486
rastrigin	504	0	10000	4.97479	0.00537857	1.98991	0.994945
rastrigin	505	0	10000	7.95966	0.0073942	-1.98991	-1.98993
rastrigin	506	0	10000	0.994959	1.91115e-05	-0.994959	-5.09292e-10
rastrigin	507	0	10000	0.994959	9.65501e-05	0.994959	-2.09409e-07
rastrigin	508	0	10000	15.9192	0.00251274	-6.23648e-06	3.97978
rastrigin	509	0	10000	4.97479	0.000139028	1.98991	-0.994958
rastrigin	510	0	10000	17.9092	0.00870276	2.98484	-2.98484
rastrigin	511	0	10000	9.94956	0.000430317	-2.98485	0.994958
rastrigin	512	0	10000	4.97479	3.64317e-05	-1.98991	0.994959
rastrigin	513	0	10000	25.8687	0.000222799	4.97469	0.994959
rastrigin	514	0	10000	33.8283	0.000447807	4.97469	-2.98486
rastrigin	515	0	10000	7.95966	4.91717e-05	1.98991	1.98991
rastrigin	516	0	10000	24.8738	0.00187228	2.98486	-3.97978
rastrigin	517	0	10000	28.8536	0.000930535	4.97469	1.98991
rastrigin	518	0	10000	28.8536	0.000471762	-4.97469	1.98991
rastrigin	519	0	10000	3.97983	0.00172497	1.28203e-06	-1.98991
rastrigin	520	0	10000	3.97983	0.00113267	-1.98991	-1.83767e-06
rastrigin	521	0	10000	19.8991	8.18599e-05	-1.98991	3.97978
rastrigin	522	0	10000	16.9142	0.0267505	0.994915	3.97973
rastrigin	523	0	10000	36.8129	0.000322879	0.994958	-5.96957
rastrigin	524	0	10000	40.793	0.0232476	4.97468	3.97973
rastrigin	525	0	10000	12.9344	4.90884e-05	1.98991	-2.98486
rastrigin	526	0	10000	33.8283	0.0455258	-4.9747	-2.98474
rastrigin	527	0	10000	16.9142	0.000117011	-0.994958	-3.97978
rastrigin	528	0	10000	49.7474	0.00680285	-4.97469	-4.97467
rastrigin	529	0	10000	8.9546	0.0035967	2.98486	8.70646e-06
rastrigin	530	0	10000	28.8536	0.000155767	4.97469	-1.98991
rastrigin	531	0	10000	17.9092	5.95971e-05	-2.98486	-2.98486
rastrigin	532	0	10000	40.793	5.44034e-05	4.97469	-3.97978
rastrigin	533	0	10000	24.8738	0.000110171	-3.97978	2.98486
rastrigin	534	0	10000	19.8991	5.42279e-05	-3.97978	-1.98991
rastrigin	535	0	10000	28.8536	0.00423065	1.98992	-4.97468
rastrigin	536	0	10000	17.9092	0.000110085	2.98486	2.98486
rastrigin	537	0	10000	25.8687	3.6803e-05	0.994959	4.97469
rastrigin	538	0	10000	12.9344	4.91608e-05	2.98486	-1.98991
rastrigin	539	0	10000	28.8536	4.33242e-05	-4.97469	-1.98991
rastrigin	540	0	10000	33.8283	8.51499e-05	2.98486	4.97469
rastrigin	541	0	10000	17.9092	0.000762747	2.98486	2.98486
rastrigin	542	0	10000	24.8737	0.0265641	6.47217e-06	4.97476
rastrigin	543	0	10000	31.8385	5.88973e-05	-3.97978	3.97978
rastrigin	544	0	10000	25.8687	0.000727956	-0.994957	-4.97469
rastrigin	545	0	10000	3.97983	0.000170441	1.98991	-2.24105e-07
rastrigin	546	0	10000	12.9344	5.4674e-05	1.98991	2.98486
rastrigin	547	0	10000	9.94956	4.3526e-05	2.98486	0.994959
rastrigin	548	0	10000	9.94956	4.35317e-05	2.98486	-0.994959
rastrigin	549	0	10000	33.8283	8.49197e-05	-4.97469	-2.98486
rastrigin	550	0	10000	1.52385e-10	0.00489806	-7.07662e-06	-1.01146e-05
rastrigin	551	0	10000	16.9142	4.56655e-05	-0.994959	-3.97978
rastrigin	552	0	10000	17.9092	0.000327096	2.98486	-2.98485
rastrigin	553	0	10000	40.793	5.45109e-05	4.97469	-3.97978
rastrigin	554	0	10000	19.8991	0.0108041	-1.98991	-3.97981
rastrigin	555	0	10000	12.9344	0.00188239	-2.98486	1.98991
rastrigin	556	0	10000	12.9344	0.000115671	-1.98991	2.98486
rastrigin	557	0	10000	1.98992	0.00470255	-0.994947	0.99496
rastrigin	558	0	10000	3.97983	0.00549178	1.9899	3.4884e-06
rastrigin	559	0	10000	25.8687	0.000202224	-0.994959	4.97469
rastrigin	560	0	10000	19.8991	5.41257e-05	-1.98991	3.97978
rastrigin	561	0	10000	16.9142	4.2905e-05	0.994959	-3.97978
rastrigin	562	0	10000	0.994959	0.0173583	0.995	-1.33176e-05
rastrigin	563	0	10000	19.8991	0.00187654	-1.98991	-3.97978
rastrigin	564	0	10000	1.98992	0.00337735	-0.99496	0.99495
rastrigin	565	0	10000	4.97479	0.000847818	0.99496	1.98991
rastrigin	566	0	10000	40.793	0.00352645	4.9747	3.97978
rastrigin	567	0	10000	9.94956	0.00638328	-0.994961	2.98484
rastrigin	568	0	10000	33.8283	8.53815e-05	-4.97469	2.98486
rastrigin	569	0	10000	12.9344	0.00098094	-2.98485	-1.98991
rastrigin	570	0	10000	31.8385	0.000917757	3.97978	3.97978
rastrigin	571	0	10000	17.9092	5.96975e-05	2.98486	-2.98486
rastrigin	572	0	10000	1.98992	2.70113e-05	0.994959	-0.994959
rastrigin	573	0	10000	28.8536	0.00208334	-1.98992	4.97469
rastrigin	574	0	10000	0.994959	0.000543257	0.994957	5.30894e-07
rastrigin	575	0	10000	7.95966	0.00757416	-1.98992	1.98993
rastrigin	576	0	10000	17.9092	0.000109823	2.98486	2.98486
rastrigin	577	0	10000	49.7474	4.97117e-05	4.97469	4.97469
rastrigin	578	0	10000	33.8283	5.50099e-05	-4.97469	2.98486
rastrigin	579	0	10000	49.7474	0.000119028	-4.97469	-4.97469
rastrigin	580	0	10000	33.8283	0.000330746	-4.97469	-2.98486
rastrigin	581	0	10000	49.7474	4.97791e-05	-4.97469	4.97469
rastrigin	582	0	10000	19.8991	4.85813e-05	3.97978	1.98991
rastrigin	583	0	10000	19.8991	5.41291e-05	1.98991	3.97978
rastrigin	584	0	10000	12.9344	0.000297273	2.98486	-1.98991
rastrigin	585	0	10000	15.9192	4.14867e-05	-3.97978	-1.03228e-10
rastrigin	586	0	10000	12.9344	5.46291e-05	-1.98991	2.98486
rastrigin	587	0	10000	16.9142	4.29163e-05	-0.994959	-3.97978
rastrigin	588	0	10000	1.98992	7.36651e-05	0.994959	0.994959
rastrigin	589	0	10000	24.8737	0.000321492	4.97469	1.40696e-08
rastrigin	590	0	10000	4.97479	3.64206e-05	1.98991	-0.994959
rastrigin	591	0	10000	19.8991	0.0137621	-1.98988	-3.97979
rastrigin	592	0	10000	16.9142	0.00010952	-3.97978	0.994959
rastrigin	593	0	10000	31.8385	5.87332e-05	-3.97978	3.97978
rastrigin	594	0	10000	24.8737	0.000321457	7.39565e-10	4.97469
rastrigin	595	0	10000	4.97479	3.96545e-05	-1.98991	0.994959
rastrigin	596	0	10000	4.97479	3.96194e-05	-1.98991	0.994959
rastrigin	597	0	10000	16.9142	0.000320832	-3.97978	0.994959
rastrigin	598	0	10000	19.8991	4.85539e-05	-3.97978	1.98991
rastrigin	599	0	10000	15.9192	0.00106651	3.97978	6.57724e-07
rastrigin	600	0	10000	1.98992	7.19645e-05	-0.994959	0.994959
rastrigin	601	0	10000	28.8536	4.33373e-05	1.98991	-4.97469
rastrigin	602	0	10000	49.7474	0.000420998	-4.97469	4.97469
rastrigin	603	0	10000	19.8991	0.0223571	1.98987	3.97975
rastrigin	604	0	10000	16.9142	0.00842356	-3.97976	-0.994954
rastrigin	605	0	10000	0.994959	7.481e-05	5.83838e-08	-0.994959
rastrigin	606	0	10000	40.793	0.00724099	4.9747	-3.97977
rastrigin	607	0	10000	19.8991	0.000383022	3.97978	-1.98991
rastrigin	608	0	10000	1.98992	2.69948e-05	-0.994959	-0.994959
rastrigin	609	0	10000	4.97479	0.0114461	0.99493	1.98991
rastrigin	610	0	10000	4.08562e-14	7.96701e-05	-1.23249e-07	-1.58512e-07
rastrigin	611	0	10000	24.8738	0.0125572	-2.98484	3.97976
rastrigin	612	0	10000	19.8991	0.0139539	-3.9798	1.98994
rastrigin	613	0	10000	15.9192	4.14907e-05	-1.45078e-09	-3.97978
rastrigin	614	0	10000	28.8536	4.95244e-05	1.98991	-4.97469
rastrigin	615	0	10000	7.95966	4.29531e-05	-1.98991	-1.98991
rastrigin	616	0	10000	0.994959	0.000199992	-2.66616e-07	0.994958
rastrigin	617	0	10000	9.94956	0.000798783	-0.994959	-2.98485
rastrigin	618	0	10000	28.8536	0.000386756	4.97469	1.98991
rastrigin	619	0	10000	19.8991	0.000162965	-1.98991	-3.97978
rastrigin	620	0	10000	9.94956	4.35253e-05	-0.994959	-2.98486
rastrigin	621	0	10000	17.9092	0.00109255	2.98485	-2.98486
rastrigin	622	0	10000	28.8536	0.00840776	4.97469	-1.98993
rastrigin	623	0	10000	15.9192	0.00276844	-4.26239e-06	-3.97979
rastrigin	624	0	10000	31.8385	0.00516592	-3.9798	-3.97978
rastrigin	625	0	10000	9.94956	4.35306e-05	2.98486	0.994959
rastrigin	626	0	10000	9.94956	0.000432782	2.98486	-0.994959
rastrigin	627	0	10000	40.793	9.40608e-05	4.97469	3.97978
rastrigin	628	0	10000	0.994959	7.16721e-05	-0.994959	2.21164e-08
rastrigin	629	0	10000	40.793	0.000319868	4.97469	3.97978
rastrigin	630	0	10000	17.9092	5.96993e-05	2.98486	2.98486
rastrigin	631	0	10000	12.9344	0.00102507	-1.98991	-2.98485
rastrigin	632	0	10000	7.95966	4.29848e-05	-1.98991	-1.98991
rastrigin	633	0	10000	28.8536	4.32636e-05	4.97469	1.98991
rastrigin	634	0	10000	15.9192	0.0112952	9.88487e-06	3.97976
rastrigin	635	0	10000	16.9142	0.00588559	0.994945	3.97978
rastrigin	636	0	10000	40.793	0.00123646	3.97979	4.97469
rastrigin	637	0	10000	0.994959	1.90592e-05	-0.994959	-3.63601e-10
rastrigin	638	0	10000	24.8738	5.92683e-05	-2.98486	3.97978
rastrigin	639	0	10000	25.8687	3.68087e-05	-0.994959	4.97469
rastrigin	640	0	10000	1.98992	7.36728e-05	-0.994959	-0.994959
rastrigin	641	0	10000	24.8738	0.0160862	3.97975	-2.98488
rastrigin	642	0	10000	0.994959	0.0121346	-2.42512e-05	0.99494
rastrigin	643	0	10000	9.94956	0.00032563	-0.994959	2.98485
rastrigin	644	0	10000	9.94956	4.35222e-05	-2.98486	0.994959
rastrigin	645	0	10000	40.793	5.4405e-05	4.97469	3.97978
rastrigin	646	0	10000	17.9092	5.9623e-05	2.98486	-2.98486
rastrigin	647	0	10000	3.97983	0.00220751	-1.98991	5.50245e-06
rastrigin	648	0	10000	24.8738	5.91988e-05	3.97978	-2.98486
rastrigin	649	0	10000	16.9142	0.00592485	0.994951	3.9798
rastrigin	650	0	10000	24.8738	0.00634422	-2.98487	-3.97979
rastrigin	651	0	10000	19.8991	0.00233009	-1.98992	-3.97978
rastrigin	652	0	10000	1.98992	0.00281646	0.994959	-0.994966
rastrigin	653	0	10000	4.97479	3.18063e-05	-1.98991	-0.994959
rastrigin	654	0	10000	49.7474	0.000119127	-4.97469	4.97469
rastrigin	655	0	10000	24.8738	0.000254816	3.97978	-2.98486
rastrigin	656	0	10000	25.8687	0.00141636	-4.97469	-0.994957
rastrigin	657	0	10000	19.8991	0.000318816	3.97978	1.98991
rastrigin	658	0	10000	4.97479	3.64196e-05	1.98991	0.994959
rastrigin	659	0	10000	40.793	0.000795894	3.97978	-4.97469
rastrigin	660	0	10000	15.9192	4.762e-05	-5.89177e-08	3.97978
rastrigin	661	0	10000	4.97479	0.000313866	1.98991	0.994959
rastrigin	662	0	10000	33.8283	5.4913e-05	-2.98486	4.97469
rastrigin	663	0	10000	40.793	0.000393996	-3.97978	-4.97469
rastrigin	664	0	10000	24.8738	0.000279506	3.97978	-2.98486
rastrigin	665	0	10000	8.9546	0.00031781	-7.57487e-09	-2.98485
rastrigin	666	0	10000	4.97479	3.64231e-05	1.98991	0.994959
rastrigin	667	0	10000	4.97479	0.00508361	1.9899	-0.994959
rastrigin	668	0	10000	16.9142	0.00148954	-0.994957	3.97979
rastrigin	669	0	10000	16.9142	4.56736e-05	-3.97978	0.994959
rastrigin	670	0	10000	12.9344	0.00735069	2.98487	1.98992
rastrigin	671	0	10000	12.9344	0.0215947	-2.98484	-1.98996
rastrigin	672	0	10000	40.793	5.46394e-05	-4.97469	3.97978
rastrigin	673	0	10000	28.8536	0.00423064	-4.97468	1.98992
rastrigin	674	0	10000	8.9546	0.00559368	-2.98484	-5.61991e-08
rastrigin	675	0	10000	4.97479	3.64179e-05	1.98991	0.994959
rastrigin	676	0	10000	0.994959	1.909e-05	9.29545e-12	-0.994959
rastrigin	677	0	10000	33.8283	0.00267028	-2.98485	-4.9747
rastrigin	678	0	10000	7.95966	0.00193271	-1.98991	-1.98991
rastrigin	679	0	10000	7.95966	4.29503e-05	-1.98991	-1.98991
rastrigin	680	0	10000	19.8991	4.85469e-05	3.97978	-1.98991
rastrigin	681	0	10000	33.8283	0.0106239	-4.97469	2.98488
rastrigin	682	0	10000	28.8536	0.0116649	-1.98989	4.97467
rastrigin	683	0	10000	12.9344	5.47142e-05	2.98486	1.98991
rastrigin	684	0	10000	9.94956	0.000347076	-0.994958	-2.98485
rastrigin	685	0	10000	15.9192	0.0301208	-3.97973	-5.85005e-05
rastrigin	686	0	10000	19.8991	0.00209064	1.98992	-3.97979
rastrigin	687	0	10000	9.94956	8.80071e-05	-2.98486	-0.994959
rastrigin	688	0	10000	8.9546	4.21421e-05	-2.44409e-09	2.98486
rastrigin	689	0	10000	16.9142	0.000209695	3.97978	0.994959
rastrigin	690	0	10000	15.9192	0.000445398	-3.97978	-2.22454e-07
rastrigin	691	0	10000	19.8991	5.42301e-05	-3.97978	1.98991
rastrigin	692	0	10000	25.8687	0.000322052	-4.97469	-0.994959
rastrigin	693	0	10000	1.98992	0.000156743	-0.994958	-0.994959
rastrigin	694	0	10000	4.97479	0.00105235	1.98991	-0.994957
rastrigin	695	0	10000	7.95966	0.00570584	-1.98991	1.9899
rastrigin	696	0	10000	19.8991	4.85688e-05	-3.97978	-1.98991
rastrigin	697	0	10000	25.8687	3.99765e-05	0.994959	4.97469
rastrigin	698	0	10000	12.9344	5.46147e-05	1.98991	-2.98486
rastrigin	699	0	10000	33.8283	8.51192e-05	4.97469	2.98486
rastrigin	700	0	10000	8.9546	7.90928e-05	3.54878e-08	-2.98486
rastrigin	701	0	10000	24.8738	0.00263302	3.97978	2.98485
rastrigin	702	0	10000	0.994959	0.00393743	8.00235e-06	0.994964
rastrigin	703	0	10000	19.8991	5.41121e-05	-1.98991	3.97978
rastrigin	704	0	10000	16.9142	4.56654e-05	-0.994959	-3.97978
rastrigin	705	0	10000	16.9142	4.29045e-05	3.97978	-0.994959
rastrigin	706	0	10000	16.9142	4.56542e-05	-3.97978	-0.994959
rastrigin	707	0	10000	7.95966	0.00528467	1.9899	-1.98991
rastrigin	708	0	10000	7.95966	0.000526764	-1.98991	1.98991
rastrigin	709	0	10000	3.97983	2.63083e-05	1.79834e-08	-1.98991
rastrigin	710	0	10000	12.9344	0.00544226	-1.98991	-2.98487
rastrigin	711	0	10000	40.793	0.00479748	3.97978	-4.97468
rastrigin	712	0	10000	24.8737	3.5136e-05	3.83941e-11	-4.97469
rastrigin	713	0	10000	8.9546	0.00019779	-2.98486	-1.31452e-10
rastrigin	714	0	10000	12.9344	0.00296288	1.98991	2.98485
rastrigin	715	0	10000	0.994959	0.000266213	-0.994959	-4.66453e-07
rastrigin	716	0	10000	15.9192	0.0102708	-2.47059e-05	-3.97978
rastrigin	717	0	10000	19.8991	0.00331303	1.98991	-3.97978
rastrigin	718	0	10000	1.98992	0.000312382	0.994959	-0.994959
rastrigin	719	0	10000	19.8991	0.00247141	1.98991	3.97978
rastrigin	720	0	10000	16.9142	0.000626034	-0.994957	3.97978
rastrigin	721	0	10000	4.97479	3.96249e-05	0.994959	1.98991
rastrigin	722	0	10000	24.8738	5.91439e-05	-2.98486	-3.97978
rastrigin	723	0	10000	12.9344	5.46101e-05	-2.98486	-1.98991
rastrigin	724	0	10000	1.98992	2.70432e-05	-0.994959	0.994959
rastrigin	725	0	10000	4.97479	0.0129792	-1.98994	0.99497
rastrigin	726	0	10000	24.8738	5.92073e-05	2.98486	3.97978
rastrigin	727	0	10000	15.9192	0.014094	2.67373e-05	-3.97976
rastrigin	728	0	10000	16.9142	0.000796551	-3.97978	-0.994959
rastrigin	729	0	10000	9.94956	4.35244e-05	-0.994959	2.98486
rastrigin	730	0	10000	4.97479	8.65927e-05	-0.994958	-1.98991
rastrigin	731	0	10000	4.97479	3.96319e-05	0.994959	1.98991
rastrigin	732	0	10000	12.9344	5.46215e-05	1.98991	2.98486
rastrigin	733	0	10000	17.9092	0.000292168	2.98486	2.98486
rastrigin	734	0	10000	1.98992	0.000195719	-0.994959	0.994959
rastrigin	735	0	10000	28.8536	0.00161078	-1.98991	-4.97469
rastrigin	736	0	10000	12.9344	0.000447963	-1.98991	-2.98486
rastrigin	737	0	10000	8.9546	0.00821772	-1.39524e-05	2.98484
rastrigin	738	0	10000	25.8687	3.99826e-05	-4.97469	-0.994959
rastrigin	739	0	10000	24.8738	0.000319747	-2.98486	3.97978
rastrigin	740	0	10000	16.9142	0.000321395	-3.97978	0.994959
rastrigin	741	0	10000	17.9092	0.000344088	2.98486	-2.98486
rastrigin	742	0	10000	40.793	5.44966e-05	-3.97978	4.97469
rastrigin	743	0	10000	12.9344	8.19014e-05	-1.98991	2.98486
rastrigin	744	0	10000	24.8738	0.000109839	2.98486	3.97978
rastrigin	745	0	10000	4.97479	0.000570965	1.98991	0.994959
rastrigin	746	0	10000	12.9344	5.46149e-05	1.98991	-2.98486
rastrigin	747	0	10000	40.793	0.00335809	4.97469	3.97978
rastrigin	748	0	10000	33.8283	5.4909e-05	4.97469	2.98486
rastrigin	749	0	10000	8.9546	4.30746e-05	2.25989e-08	-2.98486
rastrigin	750	0	10000	4.97479	7.55352e-05	0.994959	1.98991
rastrigin	751	0	10000	8.9546	4.21406e-05	2.27348e-09	-2.98486
rastrigin	752	0	10000	31.8385	5.86736e-05	-3.97978	-3.97978
rastrigin	753	0	10000	1.98992	0.00019759	-0.994958	-0.994959
rastrigin	754	0	10000	3.97983	3.47918e-05	4.90393e-09	-1.98991
rastrigin	755	0	10000	28.8536	4.32547e-05	4.97469	-1.98991
rastrigin	756	0	10000	9.94956	0.000196048	-0.994959	-2.98486
rastrigin	757	0	10000	19.8991	4.85607e-05	-1.98991	3.97978
rastrigin	758	0	10000	19.8991	5.41333e-05	3.97978	-1.98991
rastrigin	759	0	10000	40.793	0.0066055	3.97979	4.9747
rastrigin	760	0	10000	19.8991	4.85446e-05	1.98991	3.97978
rastrigin	761	0	10000	12.9344	5.46093e-05	2.98486	-1.98991
rastrigin	762	0	10000	25.8687	3.68239e-05	-0.994959	-4.97469
rastrigin	763	0	10000	4.97479	3.96304e-05	1.98991	0.994959
rastrigin	764	0	10000	9.94956	4.35303e-05	-0.994959	-2.98486
rastrigin	765	0	10000	31.8385	8.8232e-05	-3.97978	3.97978
rastrigin	766	0	10000	8.9546	4.21664e-05	-2.98486	-4.36288e-09
rastrigin	767	0	10000	16.9142	0.00214226	-0.994964	-3.97978
rastrigin	768	0	10000	9.94956	0.00205227	0.994964	-2.98485
rastrigin	769	0	10000	24.8738	5.91389e-05	-3.97978	2.98486
rastrigin	770	0	10000	28.8536	4.9435e-05	4.97469	1.98991
rastrigin	771	0	10000	49.7474	0.000254394	-4.97469	4.97469
rastrigin	772	0	10000	16.9142	4.2909e-05	0.994959	3.97978
rastrigin	773	0	10000	12.9344	0.0184365	1.9899	-2.98481
rastrigin	774	0	10000	16.9142	4.29059e-05	-0.994959	-3.97978
rastrigin	775	0	10000	7.95966	0.00033719	1.98991	-1.98991
rastrigin	776	0	10000	19.8991	0.00234832	-1.98991	-3.97978
rastrigin	777	0	10000	17.9092	0.0010846	-2.98485	-2.98485
rastrigin	778	0	10000	16.9142	0.000109442	0.994959	3.97978
rastrigin	779	0	10000	24.8738	0.00355573	3.97979	-2.98486
rastrigin	780	0	10000	12.9344	5.46419e-05	-1.98991	-2.98486
rastrigin	781	0	10000	8.9546	0.000162112	4.2722e-10	-2.98486
rastrigin	782	0	10000	1.98992	2.20246e-05	-0.994959	-0.994959
rastrigin	783	0	10000	17.9092	5.95824e-05	2.98486	2.98486
rastrigin	784	0	10000	24.8738	5.93492e-05	3.97978	-2.98486
rastrigin	785	0	10000	24.8738	5.92317e-05	-2.98486	-3.97978
rastrigin	786	0	10000	1.98992	0.000965569	-0.994959	0.994961
rastrigin	787	0	10000	40.793	0.00229271	-4.97469	3.97978
rastrigin	788	0	10000	4.97479	0.00908913	-0.994943	-1.98993
rastrigin	789	0	10000	28.8536	4.32903e-05	-4.97469	1.98991
rastrigin	790	0	10000	0.994959	9.3561e-05	-1.53173e-07	0.994959
rastrigin	791	0	10000	0.994959	0.000202784	-4.95734e-07	-0.994958
rastrigin	792	0	10000	33.8283	5.49354e-05	2.98486	-4.97469
rastrigin	793	0	10000	33.8283	0.000293952	-2.98486	4.97469
rastrigin	794	0	10000	16.9142	4.28988e-05	-0.994959	3.97978
rastrigin	795	0	10000	24.8738	5.91554e-05	-2.98486	-3.97978
rastrigin	796	0	10000	25.8687	0.00852224	-0.994961	-4.97471
rastrigin	797	0	10000	9.94956	4.62439e-05	-0.994959	2.98486
rastrigin	798	0	10000	19.8991	0.00671827	-3.97978	-1.9899
rastrigin	799	0	10000	19.8991	5.41655e-05	-3.97978	-1.98991
rastrigin	800	0	10000	19.8991	0.00601021	-3.9798	-1.98991
rastrigin	801	0	10000	24.8738	0.0116227	2.98483	3.97976
rastrigin	802	0	10000	9.94956	0.000735446	2.98485	0.994957
rastrigin	803	0	10000	19.8991	0.0156661	-1.98988	-3.9798
rastrigin	804	0	10000	1.98992	0.00310216	-0.994963	-0.994965
rastrigin	805	0	10000	33.8283	0.00677045	-2.98486	4.97471
rastrigin	806	0	10000	25.8687	3.68305e-05	-4.97469	0.994959
rastrigin	807	0	10000	28.8536	0.00666866	-1.98991	-4.97467
rastrigin	808	0	10000	15.9192	8.07427e-05	5.24039e-08	3.97978
rastrigin	809	0	10000	24.8738	5.92428e-05	-2.98486	3.97978
rastrigin	810	0	10000	19.8991	4.85641e-05	-1.98991	-3.97978
rastrigin	811	0	10000	12.9344	4.91845e-05	-1.98991	-2.98486
rastrigin	812	0	10000	25.8687	3.681e-05	4.97469	0.994959
rastrigin	813	0	10000	17.9092	5.96455e-05	-2.98486	-2.98486
rastrigin	814	0	10000	8.9546	0.000318673	2.98485	-5.97385e-08
rastrigin	815	0	10000	4.97479	0.0187474	-1.98988	0.994927
rastrigin	816	0	10000	12.9344	8.5256e-05	2.98486	-1.98991
rastrigin	817	0	10000	24.8738	0.00040227	2.98486	3.97978
rastrigin	818	0	10000	4.97479	0.0007536	1.98991	-0.994959
rastrigin	819	0	10000	31.8385	5.88863e-05	-3.97978	3.97978
rastrigin	820	0	10000	16.9142	9.21362e-05	-3.97978	0.994959
rastrigin	821	0	10000	15.9192	0.0083595	3.9798	5.70669e-06
rastrigin	822	0	10000	19.8991	5.41135e-05	1.98991	-3.97978
rastrigin	823	0	10000	24.8737	0.000328139	4.97469	1.65149e-07
rastrigin	824	0	10000	9.94956	0.00240513	-2.98486	0.994954
rastrigin	825	0	10000	4.97479	0.000690187	1.98991	-0.994959
rastrigin	826	0	10000	24.8738	0.000448673	2.98485	3.97978
rastrigin	827	0	10000	28.8536	4.95128e-05	4.97469	1.98991
rastrigin	828	0	10000	9.94956	4.35388e-05	-0.994959	-2.98486
rastrigin	829	0	10000	25.8687	4.0013e-05	0.994959	4.97469
rastrigin	830	0	10000	4.97479	0.00187879	-1.98991	-0.99496
rastrigin	831	0	10000	4.97479	3.96216e-05	1.98991	-0.994959
rastrigin	832	0	10000	9.94956	8.27217e-05	-0.994959	2.98486
rastrigin	833	0	10000	12.9344	0.0135992	2.98489	1.9899
rastrigin	834	0	10000	16.9142	0.00767534	-3.97979	0.99494
rastrigin	835	0	10000	1.98992	5.27759e-05	-0.994959	0.994959
rastrigin	836	0	10000	15.9192	4.19665e-05	3.97978	1.59479e-08
rastrigin	837	0	10000	16.9142	0.00220268	-0.994961	3.97978
rastrigin	838	0	10000	9.94956	4.35255e-05	0.994959	2.98486
rastrigin	839	0	10000	19.8991	5.41131e-05	-3.97978	1.98991
rastrigin	840	0	10000	24.8738	0.000167412	3.97978	2.98486
rastrigin	841	0	10000	4.97479	3.64119e-05	-1.98991	0.994959
rastrigin	842	0	10000	8.9546	0.00189821	3.61999e-06	-2.98486
rastrigin	843	0	10000	31.8385	5.88859e-05	3.97978	-3.97978
rastrigin	844	0	10000	40.793	8.53846e-05	-4.97469	3.97978
rastrigin	845	0	10000	16.9142	0.00261523	3.97979	0.994954
rastrigin	846	0	10000	12.9344	0.00485953	-2.98486	1.98992
rastrigin	847	0	10000	28.8536	0.0135716	-4.97471	-1.98994
rastrigin	848	0	10000	17.9092	0.000892808	-2.98485	-2.98486
rastrigin	849	0	10000	28.8536	4.94114e-05	1.98991	4.97469
rastrigin	850	0	10000	31.8385	0.00025472	-3.97978	-3.97978
rastrigin	851	0	10000	1.98992	2.69901e-05	-0.994959	-0.994959
rastrigin	852	0	10000	40.793	0.000328064	4.97469	3.97978
rastrigin	853	0	10000	19.8991	0.00453334	1.98992	-3.97979
rastrigin	854	0	10000	40.793	0.0203602	-3.97982	-4.97472
rastrigin	855	0	10000	17.9092	0.000409053	2.98486	2.98486
rastrigin	856	0	10000	8.9546	0.00595406	-2.98484	2.70003e-07
rastrigin	857	0	10000	16.9142	0.00101001	-3.97979	0.994957
rastrigin	858	0	10000	4.97479	3.64242e-05	-1.98991	-0.994959
rastrigin	859	0	10000	25.8687	3.99978e-05	-0.994959	4.97469
rastrigin	860	0	10000	7.95966	4.294e-05	1.98991	-1.98991
rastrigin	861	0	10000	15.9192	0.000442678	-3.97978	-8.6308e-07
rastrigin	862	0	10000	40.793	5.43997e-05	3.97978	-4.97469
rastrigin	863	0	10000	7.95966	0.00013432	1.98991	1.98991
rastrigin	864	0	10000	24.8738	8.79779e-05	3.97978	-2.98486
rastrigin	865	0	10000	24.8737	0.000208066	-5.16849e-07	-4.97469
rastrigin	866	0	10000	16.9142	0.00121582	3.97979	-0.994961
rastrigin	867	0	10000	12.9344	4.91597e-05	2.98486	1.98991
rastrigin	868	0	10000	17.9092	8.8616e-05	2.98486	-2.98486
rastrigin	869	0	10000	15.9192	4.14886e-05	-3.97978	9.90046e-10
rastrigin	870	0	10000	12.9344	0.000164075	-2.98486	1.98991
rastrigin	871	0	10000	40.793	0.000709631	3.97978	4.97469
rastrigin	872	0	10000	25.8687	0.00896091	4.97467	-0.994966
rastrigin	873	0	10000	9.94956	4.62524e-05	2.98486	0.994959
rastrigin	874	0	10000	12.9344	0.000261676	1.98991	2.98486
rastrigin	875	0	10000	33.8283	5.48698e-05	4.97469	-2.98486
rastrigin	876	0	10000	9.94956	0.000163232	2.98486	-0.994959
rastrigin	877	0	10000	25.8687	3.68194e-05	4.97469	-0.994959
rastrigin	878	0	10000	8.9546	0.000458843	8.34352e-07	2.98485
rastrigin	879	0	10000	4.97479	0.00824025	-1.9899	-0.994944
rastrigin	880	0	10000	24.8737	0.00161033	-3.9768e-06	-4.97469
rastrigin	881	0	10000	9.94956	0.000105368	0.994959	-2.98486
rastrigin	882	0	10000	8.9546	4.21326e-05	2.98486	-9.37872e-10
rastrigin	883	0	10000	7.95966	4.29893e-05	-1.98991	1.98991
rastrigin	884	0	10000	49.7474	4.9735e-05	4.97469	4.97469
rastrigin	885	0	10000	16.9142	4.28969e-05	0.994959	3.97978
rastrigin	886	0	10000	3.97983	0.0013288	-1.98991	-8.30531e-07
rastrigin	887	0	10000	33.8283	0.000324305	-4.97469	-2.98486
rastrigin	888	0	10000	16.9142	0.000209929	0.994959	-3.97978
rastrigin	889	0	10000	16.9142	4.56528e-05	-0.994959	-3.97978
rastrigin	890	0	10000	8.9546	0.00163979	2.98486	-8.94096e-07
rastrigin	891	0	10000	0.994959	4.92825e-05	-0.994959	-3.61335e-09
rastrigin	892	0	10000	9.94956	0.000582868	0.994958	2.98485
rastrigin	893	0	10000	0.994959	7.10636e-05	-0.994959	-1.72508e-07
rastrigin	894	0	10000	33.8283	5.49222e-05	-2.98486	4.97469
rastrigin	895	0	10000	12.9344	0.00301911	-2.98486	1.98992
rastrigin	896	0	10000	1.98992	0.000130498	0.994959	-0.994958
rastrigin	897	0	10000	4.97479	0.000224195	-0.994959	-1.98991
rastrigin	898	0	10000	4.97479	0.000190075	1.98991	0.994958
rastrigin	899	0	10000	9.94956	4.35209e-05	0.994959	2.98486
rastrigin	900	0	10000	1.98992	2.70044e-05	-0.994959	-0.994959
rastrigin	901	0	10000	31.8385	8.85892e-05	-3.97978	3.97978
rastrigin	902	0	10000	25.8687	3.99911e-05	0.994959	-4.97469
rastrigin	903	0	10000	24.8738	0.0019804	-3.97978	2.98486
rastrigin	904	0	10000	4.97479	5.37838e-05	-0.994959	1.98991
rastrigin	905	0	10000	1.98992	2.19781e-05	-0.994959	0.994959
rastrigin	906	0	10000	12.9344	0.000122685	2.98486	1.98991
rastrigin	907	0	10000	15.9192	0.00517018	1.28752e-05	-3.97978
rastrigin	908	0	10000	0.994959	7.11345e-05	-0.994959	-1.218e-09
rastrigin	909	0	10000	16.9142	0.000344415	-3.97978	0.994958
rastrigin	910	0	10000	4.97479	0.000921482	0.994956	1.98991
rastrigin	911	0	10000	3.97983	0.00253171	-6.28077e-06	1.98991
rastrigin	912	0	10000	9.94956	4.62729e-05	-2.98486	-0.994959
rastrigin	913	0	10000	31.8385	8.81696e-05	-3.97978	-3.97978
rastrigin	914	0	10000	7.95966	0.0126013	1.98992	-1.98988
rastrigin	915	0	10000	19.8991	4.85957e-05	1.98991	3.97978
rastrigin	916	0	10000	0.994959	0.00647833	0.994944	-8.1334e-06
rastrigin	917	0	10000	31.8385	5.8797e-05	3.97978	3.97978
rastrigin	918	0	10000	8.9546	4.21309e-05	2.98486	1.05296e-10
rastrigin	919	0	10000	7.95966	0.000149462	1.98991	1.98991
rastrigin	920	0	10000	33.8283	8.52475e-05	-4.97469	-2.98486
rastrigin	921	0	10000	12.9344	4.91307e-05	-1.98991	-2.98486
rastrigin	922	0	10000	1.98992	2.19999e-05	-0.994959	0.994959
rastrigin	923	0	10000	19.8991	0.0216594	1.98986	3.97977
rastrigin	924	0	10000	33.8283	5.50916e-05	4.97469	2.98486
rastrigin	925	0	10000	12.9344	0.000393512	-1.98991	-2.98486
rastrigin	926	0	10000	9.94956	0.0083208	0.994945	2.98484
rastrigin	927	0	10000	1.98992	0.000863905	0.994961	0.994959
rastrigin	928	0	10000	4.97479	3.16942e-05	0.994959	-1.98991
rastrigin	929	0	10000	19.8991	0.000454144	-1.98991	3.97978
rastrigin	930	0	10000	0.994959	0.000972288	-0.994956	4.96117e-07
rastrigin	931	0	10000	15.9192	8.19244e-05	1.78039e-07	3.97978
rastrigin	932	0	10000	33.8283	5.50201e-05	2.98486	-4.97469
rastrigin	933	0	10000	24.8738	5.91556e-05	2.98486	3.97978
rastrigin	934	0	10000	9.94956	0.00067755	-0.994959	2.98485
rastrigin	935	0	10000	17.9092	0.0169544	-2.98482	-2.98488
rastrigin	936	0	10000	3.97983	0.000386106	-3.31134e-08	-1.98991
rastrigin	937	0	10000	0.994959	2.23707e-05	0.994959	2.93628e-08
rastrigin	938	0	10000	25.8687	0.000321706	-4.97469	0.994959
rastrigin	939	0	10000	7.95966	0.0168901	-1.98992	1.98987
rastrigin	940	0	10000	12.9344	8.17807e-05	1.98991	-2.98486
rastrigin	941	0	10000	17.9092	5.97106e-05	-2.98486	-2.98486
rastrigin	942	0	10000	25.8687	0.00277127	-0.994959	-4.9747
rastrigin	943	0	10000	1.77575e-09	0.0167203	-1.7374e-05	3.83913e-05
rastrigin	944	0	10000	4.97479	0.000712643	-0.99496	1.98991
rastrigin	945	0	10000	25.8687	3.99824e-05	0.994959	-4.97469
rastrigin	946	0	10000	8.9546	8.50375e-05	2.98486	8.62552e-08
rastrigin	947	0	10000	33.8283	8.53569e-05	-2.98486	4.97469
rastrigin	948	0	10000	16.9142	4.29206e-05	0.994959	-3.97978
rastrigin	949	0	10000	8.9546	7.85143e-05	2.98486	-2.60483e-08
rastrigin	950	0	10000	24.8738	0.0107977	3.97977	2.98484
rastrigin	951	0	10000	9.94956	4.35234e-05	-0.994959	2.98486
rastrigin	952	0	10000	8.9546	0.00376041	2.98487	-2.39814e-07
rastrigin	953	0	10000	4.97479	3.64174e-05	-0.994959	1.98991
rastrigin	954	0	10000	16.9142	4.56528e-05	-0.994959	3.97978
rastrigin	955	0	10000	19.8991	4.8546e-05	-1.98991	3.97978
rastrigin	956	0	10000	3.97983	0.00602857	-1.41471e-05	-1.98992
rastrigin	957	0	10000	24.8738	0.000110052	2.98486	-3.97978
rastrigin	958	0	10000	28.8536	0.0111798	1.98989	4.97471
rastrigin	959	0	10000	25.8687	0.0130807	-0.994977	4.97472
rastrigin	960	0	10000	1.98992	2.20411e-05	-0.994959	0.994959
rastrigin	961	0	10000	7.95966	0.00189813	1.98991	1.98992
rastrigin	962	0	10000	8.9546	4.2164e-05	4.2099e-09	-2.98486
rastrigin	963	0	10000	40.793	5.45528e-05	-4.97469	-3.97978
rastrigin	964	0	10000	19.8991	5.41148e-05	1.98991	-3.97978
rastrigin	965	0	10000	24.8738	0.0013054	-3.97979	-2.98485
rastrigin	966	0	10000	12.9344	0.00220211	-2.98486	1.98992
rastrigin	967	0	10000	19.8991	4.85598e-05	3.97978	1.98991
rastrigin	968	0	10000	0.994959	1.90991e-05	-7.02871e-10	-0.994959
rastrigin	969	0	10000	12.9344	0.00311401	1.98992	-2.98486
rastrigin	970	0	10000	8.9546	0.000797354	2.98485	-4.19516e-08
rastrigin	971	0	10000	15.9192	5.46952e-05	-8.98295e-08	-3.97978
rastrigin	972	0	10000	8.9546	0.000381436	9.41108e-07	2.98486
rastrigin	973	0	10000	7.95966	4.29479e-05	-1.98991	-1.98991
rastrigin	974	0	10000	17.9092	0.00711677	2.98487	-2.98486
rastrigin	975	0	10000	15.9192	0.000436542	-3.97978	-6.96967e-09
rastrigin	976	0	10000	24.8738	0.000110181	2.98486	-3.97978
rastrigin	977	0	10000	3.97983	2.62662e-05	1.62627e-08	1.98991
rastrigin	978	0	10000	34.3542	25.5586	-2.58103	-2.97926
rastrigin	979	0	10000	0.994959	0.000429213	9.93562e-07	0.994958
rastrigin	980	0	10000	4.97479	0.00225845	-0.994959	-1.98992
rastrigin	981	0	10000	17.9092	5.9654e-05	2.98486	2.98486
rastrigin	982	0	10000	1.98992	2.70176e-05	0.994959	-0.994959
rastrigin	983	0	10000	24.8738	0.000179884	2.98486	-3.97978
rastrigin	984	0	10000	12.9344	5.46248e-05	2.98486	-1.98991
rastrigin	985	0	10000	0.994959	0.00342274	-8.45784e-06	0.99496
rastrigin	986	0	10000	24.8738	0.00279636	3.97979	-2.98486
rastrigin	987	0	10000	12.9344	0.000412768	1.98991	2.98486
rastrigin	988	0	10000	12.9344	0.000393654	2.98486	1.98991
rastrigin	989	0	10000	16.9142	4.2911e-05	-3.97978	0.994959
rastrigin	990	0	10000	19.8991	5.41307e-05	1.98991	3.97978
rastrigin	991	0	10000	9.94956	4.35207e-05	-0.994959	2.98486
rastrigin	992	0	10000	1.98992	0.00956945	-0.994965	-0.994982
rastrigin	993	0	10000	17.9092	8.87437e-05	2.98486	2.98486
rastrigin	994	0	10000	19.8991	0.000506581	-1.98991	-3.97978
rastrigin	995	0	10000	12.9344	5.46937e-05	1.98991	2.98486
rastrigin	996	0	10000	19.8991	0.00119873	3.97978	-1.98991
rastrigin	997	0	10000	7.95966	0.00340382	1.98992	-1.98991
rastrigin	998	0	10000	16.9142	0.000284775	3.97978	-0.994959
rastrigin	999	0	10000	12.9344	0.00295996	-1.98991	2.98486
rastrigin	1000	0	10000	40.793	5.45318e-05	-3.97978	-4.97469
rastrigin	1001	0	10000	16.9142	0.0150711	-0.99494	3.97982
rastrigin	1002	0	10000	25.8687	3.67923e-05	-4.97469	-0.994959
rastrigin	1003	0	10000	40.793	5.44097e-05	-3.97978	4.97469
rastrigin	1004	0	10000	40.793	5.44024e-05	4.97469	3.97978
rastrigin	1005	0	10000	31.8385	0.000438375	3.97978	3.97978
rastrigin	1006	0	10000	8.9546	4.26228e-05	-2.98486	1.62732e-08
rastrigin	1007	0	10000	8.9546	0.0257304	2.9848	-2.72975e-05
rastrigin	1008	0	10000	15.9192	0.0116605	2.87852e-05	3.97978
rastrigin	1009	0	10000	7.95966	0.00651986	1.9899	1.98991
rastrigin	1010	0	10000	17.9092	0.000747928	2.98485	2.98485
rastrigin	1011	0	10000	19.8991	0.00829264	-3.97977	1.9899
rastrigin	1012	0	10000	31.8385	0.000227838	3.97978	-3.97978
rastrigin	1013	0	10000	16.9142	0.00102562	3.97978	0.994956
rastrigin	1014	0	10000	3.97983	2.53732e-05	1.98991	2.82533e-11
rastrigin	1015	0	10000	15.9192	0.0190892	-3.97982	-2.64974e-05
rastrigin	1016	0	10000	16.9142	0.00496368	3.97979	0.994952
rastrigin	1017	0	10000	33.8283	0.0106279	-2.98486	-4.97472
rastrigin	1018	0	10000	24.8738	5.91697e-05	2.98486	-3.97978
rastrigin	1019	0	10000	28.8536	0.02042	4.97464	1.98991
rastrigin	1020	0	10000	9.94956	0.000109678	2.98486	0.994959
rastrigin	1021	0	10000	4.97479	2.75821e-05	-1.98991	0.994959
rastrigin	1022	0	10000	31.8385	0.0281568	-3.97971	3.97978
rastrigin	1023	0	10000	12.9344	0.0498255	-1.99002	2.98492
